metriques_detecte,score_metriques,cpu_mean,cpu_max,cpu_std,mem_mean,mem_max,lat_p99_mean,lat_p99_max,net_rx_total,net_tx_total,logs_detecte,score_logs,nb_logs,traces_detecte,score_traces,nb_spans,duree_moy_spans,duree_max_spans,duree_std_spans,fault_type,systeme
1,0.6942260935014921,1.443776223812473,13.96407908736094,2.1704836455409153,18.16893257472826,37.266015625,0.111049375,0.9600000000000002,264931.5431422865,1890656.8621875774,0,0.045347859847011285,2435,1,0.12170978627671541,4445,0.02168777435320585,0.612959,0.0654287282566552,return,train_ticket
1,1.1615532298110425,1.5530950019341807,11.86072167059286,2.0929303788050015,18.173641304347825,37.275000000000006,0.11603676356589147,0.9925,224399.67013711017,1679991.2595568483,1,0.14476329571697322,2622,1,0.18422661503973914,4907,0.02945281434685144,2.377952,0.11356701411024062,return,train_ticket
1,1.1518137898599292,1.184426157671257,6.829749551326579,1.2631760289014669,18.169955842391303,37.0822265625,0.11433850427350425,0.8949999999999999,217213.3723905783,1903438.4625743977,1,0.12238236579831974,2795,0,0.11844166014095536,5108,0.019900946162881752,0.8409,0.0610757466660201,return,train_ticket
1,0.9833585926875585,1.4473694121816136,9.967709971846382,1.7941728660731582,18.185372792119566,36.2083984375,0.14377264227642275,0.97,225745.98177831236,1787802.0212214803,1,0.12377833172937769,5381,1,0.1819779361515181,10243,0.03165526144684175,1.571368,0.10082454667823937,return,train_ticket
1,1.6023180629983709,1.3521272633558288,8.530627088214509,1.6953228171061328,18.214546535326086,36.2083984375,0.10962010964912279,0.99,175076.69710949497,1890231.6787363137,0,0.031158446070134627,1473,1,0.17875920084121977,2853,0.031910424465474936,0.928208,0.09875779789725501,return,train_ticket
1,1.0378260090943296,1.4354144336176986,10.1421411359235,1.6561942624126653,18.209901494565212,35.872265625,0.12574201298701293,0.98,232063.2408561433,1788462.8312488212,1,0.12727465755452327,2336,1,0.1286563071297989,4376,0.02524842253199269,0.626194,0.07378054685216653,return,train_ticket
1,1.171390990110629,1.19830153860093,8.678510738031555,1.40128978363472,18.21628311820652,35.590429687500006,0.13800094017094017,0.9925,232419.59223819265,2058934.1756316454,1,0.09543835936253431,1744,1,0.20615384615384616,3250,0.03988517784615384,1.084769,0.12316327252045073,return,train_ticket
1,8.269374368831281,1.8394131419158808,46.13921531006539,6.71602096129912,18.221976902173914,35.630859375,0.1264176528599605,0.9749999999999998,156628.61380010968,1843100.387688984,1,0.1525131730841871,1867,1,0.15409642117716651,3381,0.025906262644188112,0.922569,0.08169209642925163,return,train_ticket
1,6.692496976867483,2.569623827084956,27.32121129194201,5.1140152170766715,18.241151494565216,35.62421875,0.22814457364341087,2.41,337006.51996141195,2101476.0439943913,1,0.1504757910621901,2900,1,0.1875815774752937,5363,0.031908088196904716,1.556768,0.11191622365206916,return,train_ticket
1,0.4834197992837026,1.4683406487222512,6.857740647551988,1.4098887910279767,18.252093240489128,35.3509765625,0.13240232723577236,0.99,216039.3782657503,1923900.122556151,1,0.12723303674208752,2845,1,0.1446028513238289,5401,0.022958194223291983,0.845128,0.07159952283635651,return,train_ticket
0,0.0,1.1675205328471745,6.965990324686862,1.2525227631428437,18.25577445652174,35.357421875,0.12598184684684688,2.215000000000001,218887.97236118876,1882967.0309989776,1,0.05523138854167242,1343,1,0.16017473607571897,2747,0.02559459301055697,0.652072,0.07378974695607995,return,train_ticket
1,10.34568608430517,1.2635128924972299,10.024892836527174,1.5801341197672274,18.25727326766304,35.0951171875,0.15445472868217056,0.99,359399.11393689876,1832704.5918180654,1,0.06492135504579455,1954,1,0.18555352002093692,3821,0.028825989531536245,1.208406,0.09177571907462677,return,train_ticket
1,0.40753330575204383,1.0239312544696655,7.3147030862023215,1.1787230413817658,18.31491593070652,34.499609375,0.11444631578947369,0.99,211899.5606654579,1973557.1939085422,1,0.05626670046118476,1385,1,0.1293599729089062,2953,0.026744463257704028,1.194794,0.0923973813298254,return,train_ticket
1,4.511421462658616,1.0524576949058784,8.853662406045798,1.3502240236910497,18.331470788043475,34.5060546875,0.15407583333333333,0.9883333333333334,284797.0116860308,1730180.1923084557,1,0.05605875269932026,1353,1,0.16649214659685863,2865,0.025942275043630017,0.63506,0.07663455348824459,return,train_ticket
1,0.007487237917395584,1.1135439654521277,8.654911469619437,1.422983308512515,18.322138247282606,34.23515625,0.13385984126984124,0.995,234985.63549110317,1870814.5666456777,1,0.05207499348557543,2068,1,0.21013597033374537,4045,0.04123982521631644,2.579195,0.15278874389156186,return,train_ticket
1,1.7655153057524797,0.8094429088314533,6.050050528710657,0.9843971695887126,18.33349184782609,33.66875,0.12471521879021877,0.995,167653.9568595831,1720799.7599584907,1,0.06008370716290079,830,1,0.15737298636926889,1614,0.02474851982651797,0.642126,0.07161507755242584,return,train_ticket
1,0.18374304812439202,1.1178534259170525,6.896044483717055,1.15965217021689,18.342514436141304,33.6685546875,0.08483405052264807,0.4975,259007.10486215283,2060602.1880296338,0,0.01975095779410052,2033,1,0.13979591836734695,3920,0.02497801198979592,0.694111,0.07468791931976347,return,train_ticket
1,0.057429571823614634,1.3120343598219435,8.48842956704359,1.6403196521063255,18.359820822010867,33.5521484375,0.12718432276057276,0.9925,264577.9683113498,2031266.0342781097,1,0.12346220093946536,2993,1,0.16414456115364073,5617,0.0292973558839238,1.101476,0.0929772358045792,return,train_ticket
1,0.19195121734431586,1.0788801693330443,7.359125055984577,1.2986860946461953,18.37328040081522,33.1728515625,0.245987738095238,2.1999999999999984,295327.2468409972,2061386.2378583325,0,0.03832662832119205,1895,1,0.1848054679284963,3804,0.027005910620399576,0.949291,0.07831408652810441,exception,train_ticket
1,0.3536064452613463,0.9817439990249643,7.500324143283719,1.2655551783879864,18.37857082201087,33.020703125,0.10586483333333332,0.8999999999999994,224772.0267763271,1664719.3820967048,1,0.05084802590095494,1898,1,0.12458379578246392,3604,0.020932325194228635,0.606691,0.0640702268983038,exception,train_ticket
1,0.6251660004720914,1.305030550469501,8.601001383200664,1.7287855161909198,18.387550951086954,33.0271484375,0.2113108114035087,2.44,242871.50021378277,1951464.5979314442,0,0.027865261847572875,2023,1,0.16996356064549714,3842,0.027354085111920876,1.287333,0.09215134806839781,exception,train_ticket
1,1.6463604603828037,1.1221042539973012,6.846960664059748,1.252068548435231,18.401524286684783,32.7779296875,0.1139924738675958,0.8799999999999996,204466.48556268297,1710770.95296943,0,0.014316942358547524,1727,1,0.1932245922208281,3188,0.030873831869510666,1.553075,0.10031578140107318,return,train_ticket
1,0.6746825185312795,1.1243390158094466,8.463735195269638,1.4058924437016544,18.40457710597826,32.7841796875,0.09606878378378376,0.915,174546.6303074028,1685716.3546937031,0,0.014654633711560061,2326,0,0.10722208528469312,4057,0.02094047892531427,0.578781,0.06392994045716852,return,train_ticket
1,0.3468208266857029,1.334792313659822,8.791186283269296,1.5338520633552646,18.406984544836956,32.6484375,0.32191304878048776,4.55,291184.45279649633,1961530.4722501633,1,0.09577198281543642,3035,1,0.19445425644648534,5662,0.036765192334864,2.840389,0.14527428041746826,return,train_ticket
1,0.9644601030045994,0.8752766508420022,8.200518342368724,1.2405580682562118,18.413862941576085,32.4755859375,0.07054970238095237,0.9666666666666666,224501.8400632908,1789271.7216249218,1,0.08078554999073972,314,1,0.12589073634204276,842,0.01815188598574822,0.293238,0.0387591779144362,return,train_ticket
1,10.149457945649598,0.9815321934732552,7.795911897137693,1.2129873236031905,18.41096722146739,32.3150390625,0.16019689189189185,0.995,327471.25952518656,1800695.356927489,1,0.07036357056714349,450,1,0.17958783120706576,1019,0.027047098135426894,0.696922,0.08119886508410779,return,train_ticket
1,4.778017054263374,1.1541867867964337,7.668612958600137,1.316385603450928,18.421862262228263,32.339453125,0.10713101626016258,0.985,337336.94370162726,1956920.6622512934,0,0.02562444925174623,1623,1,0.15966655979480604,3119,0.023136913754408465,0.925522,0.07205681596521037,return,train_ticket
1,3.81580859453093,1.3201446943810016,8.285534534225821,1.8012557993768525,18.506364639945648,31.9427734375,0.12253875968992245,0.9600000000000002,282037.3845692109,1771790.081894111,1,0.1327139446000456,2917,0,0.11843825892023165,5353,0.01920781916682234,0.734419,0.06165310520250815,return,train_ticket
1,16.593257313644354,1.1824888336973014,10.343846309850786,1.6478795422958386,18.456742527173912,31.8869140625,0.11830320238095235,2.275,425288.57101383846,2015555.990644557,1,0.07613598271448407,2628,1,0.14906079579882853,4951,0.02052387416683498,0.939416,0.06436110466256131,return,train_ticket
1,0.5342393714958829,1.2932842868905559,8.784766450731448,1.5578431803442403,18.45737941576087,31.8978515625,0.11818606249999997,0.9787499999999998,355528.2511456133,1940405.6655117914,0,0.03387514965932248,2452,1,0.20814977973568283,4540,0.03311703568281938,2.146975,0.12798899941646438,return,train_ticket
1,0.4278938209948815,1.1955277104298445,8.745693482512742,1.6903671724189442,18.47898267663043,31.5591796875,0.17251480725623583,0.995,230128.4991677301,2038342.2741427177,0,0.014614197860833289,2001,1,0.15597287428273343,3834,0.03182324673969744,0.777869,0.09658544321115621,return,train_ticket
1,0.6113518245362828,1.4358921563691656,8.895779558029009,1.973117817144429,18.488404381793476,31.4474609375,0.16378568915343913,0.99,340242.68940624985,2119797.3137501464,1,0.05791639591570075,2760,1,0.17966493356441363,5193,0.02572676968996726,0.814086,0.08179769684339154,return,train_ticket
1,0.4249179440591331,1.1123465375599864,8.062748280538564,1.4136382047371658,18.494752038043476,31.382421875,0.1078630714285714,0.985,301146.7706361515,1988288.7825745018,0,0.04980927391240286,1515,1,0.17718028266115132,2901,0.02876413926232334,0.716495,0.0830443510954024,return,train_ticket
1,0.009265842195639085,1.0754153136468532,7.751733770145202,1.2479184249331536,18.511336616847824,31.058203125,0.1364769720496894,0.985,397574.41023356694,2125849.2497612746,1,0.05366356189079913,2394,1,0.2243231628706489,4654,0.03607890954018049,1.779807,0.12219414700029887,return,train_ticket
1,1.3471015767974397,0.8415521204339751,9.23329498402648,1.3558305026361086,18.512661345108693,31.0775390625,0.14093212499999996,0.995,242921.5120464445,2012206.116242309,1,0.051559477284540245,1448,1,0.15154675008689608,2877,0.027645693083072645,0.912489,0.0900540712478003,return,train_ticket
1,1.0705645463747686,0.9889343079150263,7.789561687512964,1.3094454836193765,18.51543393342391,31.0904296875,0.32660142857142854,2.485,207415.5546741624,1914493.5820117223,1,0.05226954105724124,1119,1,0.21733333333333332,2250,0.03897882133333334,1.459677,0.12068566013797648,return,train_ticket
1,10.892882162459106,1.016231451537557,7.832661514215654,1.3023103216195435,18.52126358695652,30.9107421875,0.13046799999999997,0.8900000000000005,398932.18747126125,1910975.333702465,1,0.06175528733567648,1138,1,0.2093321917808219,2336,0.0333002495719178,1.124212,0.1000358753599908,exception,train_ticket
1,0.012234191268690964,1.1274948037817871,7.658760273119401,1.305060201261417,18.52913128396739,30.91875,0.11965287037037037,0.975,231731.70927703235,1968165.4531283774,0,0.04995338313837083,1766,1,0.18922120225051822,3377,0.035349752146875926,1.701127,0.12313485088044966,exception,train_ticket
1,1.8631553699956762,1.1883914425086615,8.367100715485613,1.4187376479772855,18.53068953804348,30.847265625,0.13905414634146343,0.98,396178.03280984046,1744632.2956460041,1,0.05155321009960512,2129,1,0.1721111652852267,4102,0.024696577035592398,0.697205,0.07807001570648564,exception,train_ticket
1,6.7770134494636975,1.2040033191553012,13.03832960096761,1.9716085354808799,18.575118885869564,30.722265625,0.16243009259259258,0.995,426789.02209598036,1952081.226462064,0,0.048891080019235256,2451,1,0.1678720140258602,4563,0.025355382862152095,0.967843,0.08744393786092182,exception,train_ticket
1,6.032402785153492,0.9802971909541575,7.753670699991617,1.2409158490332972,18.57548828125,30.722265625,0.1258917770034843,0.985,495189.34914312355,2069844.751981755,0,0.049053149157976206,1938,1,0.15593859412873687,3713,0.025449337193643954,0.906671,0.08330197276905278,exception,train_ticket
1,1.9032283498969904,0.8690189156763658,5.0725867450000806,0.9073697193910325,18.57973420516304,30.697070312500003,0.06070172413793102,0.49,262632.4413265364,2013226.4806642334,1,0.05259282862967951,1161,1,0.27335047129391604,2334,0.04470675064267353,1.89135,0.14400753568380587,exception,train_ticket
1,0.22479510478858034,0.7769151653852874,7.15093670104163,1.0886122633240167,18.580519701086956,30.551757812500004,0.05695588235294118,0.48125,190632.86029778188,1858603.6474412486,1,0.07586294176522834,244,1,0.14072847682119205,604,0.02534948344370861,0.419462,0.06296082518256657,exception,train_ticket
1,0.4938506132672902,0.9650500803285543,5.316954764999764,1.1057763068949495,18.586599864130438,30.57109375,0.16847752252252252,0.99,334783.24235023593,1877164.9070567016,1,0.05549399086772433,955,1,0.18109452736318407,2010,0.02803380497512438,0.808052,0.08702871646765646,exception,train_ticket
1,0.18844132551820847,0.9801054582987799,7.278776504999769,1.38650009676544,18.584757133152173,30.534765625,0.022738043478260854,0.229,102763.42919938242,1688456.7197308193,1,0.056419193247706945,634,1,0.1355421686746988,1328,0.020604257530120483,0.467435,0.05559639109523035,exception,train_ticket
1,0.005710563636638133,1.072192018666317,8.30264346443182,1.352918553973044,18.584905740489127,30.32734375,0.1624175396825397,0.99,369312.8687876602,2037006.7676183628,1,0.0527590227982776,1750,1,0.1713679102214134,3297,0.02983889899909008,0.870609,0.09460569018418255,exception,train_ticket
1,1.6199996446309122,0.7610274410653288,7.090780986025948,1.084969686541686,18.584162703804346,30.251953125,0.35259399999999996,2.485,235584.96243105488,1999574.9123654077,1,0.052142889781310986,1312,1,0.2170693686671863,2566,0.04788613873733437,1.809386,0.19118734451643155,exception,train_ticket
1,0.3732488553269775,1.1296103208530623,8.538650703422636,1.4759934659223304,18.58542374320652,30.1828125,0.16880465631929045,2.154999999999999,167567.13952986815,1615237.896554762,1,0.051044075990309246,2529,1,0.18214210857262628,4771,0.028067353594634248,1.204905,0.09890685860760537,exception,train_ticket
1,0.8441622109885683,0.9912818953323468,7.081602187671708,1.1561646236329692,18.566737432065214,29.47265625,0.15694936409550045,0.995,438550.3075449315,1979587.0606042026,1,0.051556853238148403,2484,1,0.1514327546538381,4781,0.022239717841455762,0.801998,0.07009311967952962,exception,train_ticket
1,5.474706595728935,1.1113986275804921,8.927560280373987,1.4992105361086108,18.5653659986413,29.428710937500004,0.09714286267995567,0.995,340195.18220232835,1985472.6821993166,1,0.05337736973929996,1521,1,0.15564598168870802,2949,0.02119038521532723,0.521299,0.056892303993982256,exception,train_ticket
0,0.0,1.2038553146658775,10.322831622028309,1.6642774307338448,18.570452615489128,29.4349609375,0.1543188220620842,2.244999999999998,592050.4901257884,2366664.836541227,1,0.05076492770195118,2238,1,0.1736078614880674,4274,0.024604755966307908,1.013789,0.08359184781650421,exception,train_ticket
1,4.225117820594509,1.146424728950974,7.227066269557116,1.4856744876000252,18.58355129076087,29.3373046875,0.38584412698412696,4.95,453477.2933367329,2116522.637073764,1,0.05030009391226875,2497,1,0.229642034749843,4777,0.03916404019258949,2.730798,0.15863251139677978,exception,train_ticket
1,0.4308746437259139,1.1415574870463658,8.52349314238159,1.4146282814908777,18.58624320652174,29.34375,0.17194450396825398,2.109999999999999,299637.9057505218,1841329.8370811283,0,0.04945180985054465,2388,1,0.1661024599413225,4431,0.023956191604603928,0.92933,0.07587581174607348,exception,train_ticket
0,0.0,1.4544630226133897,9.40247277485725,1.8620470522568535,18.586875849184786,29.3630859375,0.17096777408228625,0.9933333333333336,430488.1946597646,2155638.406785291,0,0.04986060371870471,2920,1,0.21627131208302447,5396,0.028008814677538914,0.921862,0.09367800431647273,exception,train_ticket
1,0.5549147207027707,1.1684891593004794,8.994656759143751,1.4994921288550223,18.596042798913043,29.740625,0.14488207641196013,0.985,464871.7019408849,2154944.932062196,1,0.05101278995027714,2587,1,0.18933823529411764,4896,0.02570622181372549,0.760256,0.07726140684252143,exception,train_ticket
1,0.3824125359060482,0.8971779983667184,9.322272748634555,1.4271413512897684,18.590459408967387,29.7310546875,0.1607844773519163,2.2449999999999983,318547.7850015957,2150990.7574294517,1,0.05503536721999547,1149,1,0.17995824634655533,2395,0.03148173528183716,0.635577,0.08193557626360089,exception,train_ticket
1,0.1078917374094599,1.1975408842469626,11.123652417314725,1.7498972721034767,18.58448963994565,29.659375,0.12476403846153844,0.975,402930.3447261365,2268442.2667009556,1,0.05093330901935167,2810,1,0.18361153262518967,5272,0.028261322268588768,0.931121,0.09296687946608631,exception,train_ticket
1,0.12579847504536135,0.9236367381536925,10.701188138661122,1.5719257021084552,18.58893936820652,29.673828125,0.34145352564102566,4.8,322436.18891893874,2006225.353170498,1,0.05633469278761882,755,1,0.22724379376193507,1571,0.034369604710375555,0.889593,0.09816963885833933,exception,train_ticket
1,0.18926717212855237,1.2282161891550294,6.834792385079129,1.5003001366471551,18.58402683423913,29.68671875,0.08651632305194804,0.9666666666666666,448034.75669067167,2234710.1076169573,1,0.05483198838629211,2303,1,0.20264699500976352,4609,0.02149605532653504,0.580822,0.06317959147333581,exception,train_ticket
1,4.122887092739132,1.0958255660946086,5.154415204999623,1.1874478130729351,18.592713994565216,29.6779296875,0.112141125,0.8900000000000005,255472.6387150999,1957630.5154090112,1,0.05152639877316223,2185,1,0.16948736816286486,4077,0.029088056414029922,0.997037,0.09323617266852038,exception,train_ticket
1,1.6563822833152302,1.0506646131435442,9.872456662967815,1.4732292406752387,18.597554347826083,29.6212890625,0.2708920485783175,2.44,479118.41344895517,2032922.1526652058,0,0.04875859975624719,1995,1,0.20999198503873898,3743,0.03590606625701309,2.954271,0.16231107871229455,exception,train_ticket
1,4.563029012582484,1.3711892999253308,9.840856025488453,1.9545694695745284,18.596794327445654,29.5478515625,0.2615871602787457,2.32,759375.5476743121,2328587.7516150363,1,0.0520040943362956,2264,1,0.21368872825841428,4427,0.030189113620962275,1.114677,0.09790800328200315,exception,train_ticket
1,0.19335456442594712,1.056497289815997,9.998993597662984,1.5261405972712865,18.598271908967387,29.498046875,0.14944968023255814,0.995,575874.972654918,2421659.4296315503,1,0.05053267356523938,2609,1,0.18928715263793797,4966,0.029337222513089005,0.911834,0.09719691483144038,exception,train_ticket
1,0.04229119851158081,1.2032433199661983,8.165151012150483,1.4523762289665771,18.604581351902176,29.5357421875,0.24671558201058202,2.335000000000001,500365.10935485736,1933733.79479968,1,0.05240078669660708,2838,1,0.20989729225023343,5355,0.030897233986928105,1.145696,0.09822704250741453,exception,train_ticket
1,3.089820697544999,1.3787024549728317,9.821365951327882,1.8961033850863949,18.607192595108696,29.4638671875,0.15960404761904762,0.995,322166.05598208285,2172473.7700524465,0,0.049092982287406994,2559,1,0.2095074209507421,4649,0.03424799591309959,1.008359,0.11085931423139311,exception,train_ticket
1,2.8879794143315776,1.1657681695253672,8.584563435876994,1.498811350687032,18.60754500679348,29.4767578125,0.1297660162601626,0.985,438395.23419655237,2043480.3081162544,1,0.05137703006092975,2377,1,0.2408543032353563,4729,0.04278203066187355,3.229335,0.1742364773764879,exception,train_ticket
1,0.6292359803271588,0.9095940497615942,7.94213117463527,1.268579622765357,18.645715862771738,29.501171875,0.2684178947368422,2.485,315356.38670660707,1970360.1859771882,1,0.05323388388152517,1312,1,0.15263376192451264,2411,0.03217022024056408,1.062141,0.10953981060889031,exception,train_ticket
1,7.048451619161918,1.1067214660535292,10.005970641529927,1.5997911668760678,18.6498046875,29.467578125,0.2571415040650406,2.485,502054.83630571904,2292224.5314578344,0,0.049955969785661414,1918,1,0.21880293619424054,3542,0.03807328740824393,1.292654,0.11921235834087066,exception,train_ticket
1,0.7295005256437805,1.3188801252211753,14.716603516536184,2.28584452539906,18.65503566576087,29.473828125,0.12916937728937725,0.985,617117.0838622401,2184975.793616813,0,0.04940313091486592,1992,1,0.1921921921921922,3663,0.03225111438711439,1.387033,0.10650943433445982,exception,train_ticket
1,8.460174297329353,1.109411172208678,9.045545618590834,1.3862136761810935,18.64934612771739,29.5328125,0.14604295351473923,0.99,423380.719758921,2020439.1154865734,0,0.04943032252975943,2084,1,0.1854183057959612,3813,0.0343256842381327,1.107975,0.11030817857152062,exception,train_ticket
1,2.7545545287449125,1.0138979169031253,7.947922563971502,1.232869467482959,18.653133491847825,29.4955078125,0.1634829269005848,2.140000000000001,378722.8842687955,2140555.278116348,1,0.05546211627895625,1407,1,0.2459874389392882,2866,0.03382844242847174,1.354489,0.11588659627136179,exception,train_ticket
1,2.1692455297467124,1.105021797303598,9.940444963804383,1.566008424755889,18.64981742527174,29.5265625,0.1516399532312925,0.995,481998.2409685501,2128725.4484663536,1,0.05208659721681297,1323,1,0.18633293603496226,2517,0.027023016289233214,0.932184,0.087635891010941,exception,train_ticket
1,6.172805647717806,1.3355069138853175,17.735047600000087,2.7170902181944014,18.967578124999996,29.918359375,0.17367543092691617,0.995,693786.2738595327,2298288.867470855,1,0.05091634456911376,2602,1,0.2497463988638669,4929,0.04121639582065328,1.2933,0.1284494680953575,cpu_contention,train_ticket
0,0.0,1.0225084276803107,8.752111684939308,1.4303254298037087,18.982086447010868,30.0666015625,0.19300385378510376,0.995,565407.465253618,2345756.658462201,0,0.04949926653035541,2844,1,0.1878102044867977,5037,0.03242272344649593,0.916083,0.10304388272433365,cpu_contention,train_ticket
1,13.928098348476608,3.121283841985155,99.9341119871635,14.635402410151464,18.99510444972826,30.0666015625,0.40109019753086417,4.775,634439.9790061095,2106162.076046292,1,0.05405665060931275,2146,1,0.28181146935761753,4063,0.0644170551316761,4.718461,0.269471842588245,cpu_contention,train_ticket
1,0.022050731185226935,1.1340238162551732,11.071120272522773,1.8288584186893662,19.035941745923914,31.3353515625,0.15998569121447023,2.3425,917998.8815903941,2634303.008969895,1,0.052222378420434534,1907,1,0.21115537848605578,3765,0.03661463160690571,2.110127,0.1345260827627171,cpu_contention,train_ticket
1,25.156012787274133,3.145529420319065,89.64779953099254,13.141215424664665,19.049184782608695,31.43203125,0.22045310077519373,2.1999999999999984,457240.50315608596,2392838.7206559503,1,0.05045255700489848,2434,1,0.26413019573345065,4547,0.07578572905212227,4.348571,0.29054196083944245,cpu_contention,train_ticket
0,0.0,2.9140365801622874,82.21294234431286,12.080850860487784,19.04295601222826,31.40078125,0.30393275,2.485,926552.7531865828,2774618.2383281486,0,0.0499731265820097,2958,1,0.19538968166849616,5466,0.037226143249176724,1.244762,0.1205496460526917,cpu_contention,train_ticket
1,9.377105872099994,1.104791278944769,10.262522580096729,1.8083573582167318,19.08516474184783,32.2123046875,0.5329009166666666,4.95,873302.2714058188,2368755.9353398792,0,0.048905179100085516,2056,1,0.2385773624091381,3852,0.047506996365524405,3.35972,0.18136293522182892,cpu_contention,train_ticket
1,20.218611844197326,1.0801408457850226,10.794940644361278,1.7446653595519082,19.080515455163045,32.2123046875,0.2719632225913621,2.41,967269.3768819232,2675734.326851005,1,0.05196599635545307,2737,1,0.23429998079508355,5207,0.03969539408488573,1.287704,0.12282988533425779,cpu_contention,train_ticket
1,8.46777344265665,3.0861215651839724,99.93033306315276,14.672981965941805,19.095244565217392,32.205859375,0.1702681550195836,0.995,739580.4148387511,2346865.715867279,1,0.05032998192579541,2062,1,0.20427305888483585,3838,0.037499213131839494,1.075037,0.1141578824999572,cpu_contention,train_ticket
1,0.7418845141636752,0.9953512636583531,7.105379258644932,1.4509900957888693,19.302280061141303,33.6306640625,0.2858607778679654,2.455,1106991.7146024988,2662232.7768839677,1,0.050305640985158995,2367,1,0.28186838472158304,4346,0.09601553865623563,10.234862,0.5261742545584425,cpu_contention,train_ticket
1,3.1709026748578824,2.8309502711571013,77.74428538760041,11.483812235341446,19.315034816576084,33.8298828125,0.20923500811688311,2.349999999999999,1060793.8271223223,2667733.671755024,1,0.05148265880595093,2001,1,0.19783983140147524,3796,0.039181502634351946,1.202454,0.11842683928879404,cpu_contention,train_ticket
1,12.903684420774903,2.9090618022015615,100.02250681675322,14.692477805152913,19.26127292798913,33.8427734375,0.3023300877192983,4.762500000000002,779346.3077703556,2822286.206818319,1,0.05295858413804333,3204,1,0.1921182266009852,6293,0.0382495777848403,1.337162,0.11723517317479601,cpu_contention,train_ticket
1,0.6521758558793485,1.6113577801528207,10.182711801363856,1.9695348986220589,18.68187415081522,33.8052734375,0.260434625,2.455,312923.5626276879,2115115.7465610914,1,0.05176259361064528,1975,1,0.39218791237793615,3789,0.05375755080496173,3.090426,0.18270881075019668,network_delay,train_ticket
1,1.093151596173719,1.1488649359261458,8.49432399527408,1.4558302095690807,18.681967561141306,33.8095703125,0.47182245614035095,4.975,241091.94249807362,2101548.4759744536,1,0.05847947190968328,1383,1,0.23459539717891612,2694,0.047525621380846324,2.598393,0.23508290558128445,network_delay,train_ticket
1,6.696029009212486,1.0017708355042643,6.242060420237738,1.1058006825843556,18.68461277173913,33.8029296875,0.42622729729729725,4.55,267271.4635475085,2066852.1774457474,1,0.05296768518706363,1824,1,0.22523823274617383,3463,0.05525267917990182,6.454553,0.3323892633575375,network_delay,train_ticket
1,0.649212919950449,1.3563965082424807,13.933869128030082,2.2857155452828612,18.72055027173913,34.4423828125,0.3048039912280701,2.485,408889.92282157205,2350658.1606626534,1,0.050164422542334886,2236,1,0.22216969983455448,4231,0.03999329071141574,1.519501,0.13505557607441662,cpu_contention,train_ticket
1,9.465075197318377,3.095773326269766,95.333740283454,13.988096332843023,18.732396399456523,34.435546875,0.3211231944444444,2.47,251765.41836243524,2057455.8698141358,1,0.05194274625588069,2236,1,0.2915544675642595,4085,0.06470345385556917,1.864499,0.20159173547774747,cpu_contention,train_ticket
1,9.769088445319907,3.321385294381622,100.0980719594413,14.701590607385397,18.739491338315215,34.4376953125,0.43940115384615364,4.349999999999996,277828.8257271135,2044608.202252259,1,0.05890840186627544,1408,1,0.2929936305732484,2983,0.07674659805564868,2.548815,0.22692437549188196,cpu_contention,train_ticket
1,1.6944785127170783,1.4061238474800195,11.796890746816384,2.1178309158297757,18.751783288043477,34.655468750000004,0.10586233739837397,0.99,427983.1065129042,2151604.233194946,1,0.057695271538501514,2096,1,0.20259241478636583,4166,0.02451012770043207,0.783647,0.07381257866914508,network_delay,train_ticket
1,12.432439928056233,1.1887367020179949,9.251982454483857,1.541467923170448,18.756865658967396,34.655468750000004,1.0677853472222223,9.95,332308.46897552203,2348217.9146757624,1,0.05252660045820723,1257,1,0.253994264645637,2441,0.11254007046292502,5.216925,0.507118236439329,network_delay,train_ticket
1,1.0659355803397532,1.3433463590189096,9.734948677430406,1.6505975323656374,18.751409646739138,34.6638671875,0.5471264285714285,4.95,264615.37216365326,2078829.6992347392,1,0.052609296407638784,1638,1,0.2379158819836786,3186,0.13620998807281856,4.615907,0.5690885436790931,network_delay,train_ticket
1,3.0234055765276455,0.9122589138833177,5.674624618127302,1.038010597562656,18.758394191576087,34.846289062500006,1.0987520512820514,9.9,359342.295085952,2141647.0895863273,0,0.04984875959316992,1362,1,0.19066300510003922,2549,0.12502945704197724,5.229514,0.5505535793969386,network_delay,train_ticket
1,13.905177607014528,1.0210022965606533,10.6305691283092,1.6122139118662921,18.757901664402176,34.846289062500006,0.3762672619047619,4.4999999999999964,267294.02052002866,2180550.584204523,1,0.05227940632332839,1446,1,0.23466092572658773,2787,0.10989813275923935,4.558025,0.45272217082706395,network_delay,train_ticket
1,0.34289149455021106,1.1462629702195313,8.45055318596606,1.4416741714620205,18.7625,34.870703125000006,0.6336308749999999,4.975,377525.00132870214,2243904.019775131,1,0.053117689185979367,2293,1,0.24290657439446367,4335,0.1178383441753172,4.932977,0.5022955885742332,network_delay,train_ticket
1,2.6833333525093597,1.5033957913761409,7.9620839930543,1.8366072792968966,18.80894191576087,35.392578125,0.39993497474747475,4.525000000000002,294148.61703709734,2127275.2322528996,0,0.047854606098089336,2874,1,0.19894159153273225,5102,0.029175552332418652,2.214207,0.12286381368179933,network_delay,train_ticket
0,0.0,1.1175840544598892,9.67224504280421,1.5413597056903525,18.81387143342391,35.416796875,0.23907837719298242,2.3425,366839.39512424177,2059619.197185023,1,0.0533722638421269,1274,1,0.2719367588932806,2530,0.05600767075098814,2.191636,0.22745484139477967,network_delay,train_ticket
1,7.05594812412291,1.5454366561052257,17.364098912810547,2.8147484057538343,18.825479789402177,35.3990234375,0.3948718699186992,4.95,320905.76316441264,2006006.3211105473,1,0.05099771759384619,2870,1,0.20748683220466516,5316,0.03308153103837472,4.28954,0.20263143273768275,network_delay,train_ticket
1,13.49885129864554,1.2948843888355763,8.822170538555534,1.5625001461255024,18.849409816576088,35.419140625,0.20709721428571423,2.349999999999999,545721.401157745,2238135.678052711,0,0.04846165562533189,2525,1,0.19882532086143137,4597,0.024693117250380685,1.439871,0.08509916961772396,network_delay,train_ticket
1,6.334938871255828,1.2839757180759823,10.359523348483751,1.9343662023548123,18.849571161684786,35.443945312500006,0.12445537808641977,0.9050000000000004,466427.99232432357,2300328.570258277,1,0.051204426255341384,1808,1,0.2928529924462522,3442,0.044569946542707725,5.238503,0.25489002329772875,network_delay,train_ticket
1,8.989870973927387,1.4417922637987908,8.445365945769922,1.78714890348121,18.854496433423915,35.427734375,0.2696843243243243,2.485,532009.3990605073,2258607.7194035887,1,0.052047468838766875,2322,1,0.2352540834845735,4408,0.0504057143829401,6.291693,0.29846098909189933,network_delay,train_ticket
1,2.5107574941037036,1.479114771029829,13.16594892223909,2.542129929184858,18.870991847826087,35.925390625,0.2677116239316239,2.455,454307.3386930903,2276957.6119882134,0,0.04921524224458251,2446,1,0.3343585237258348,4552,0.055912718145869955,3.828695,0.23889307749683425,cpu_contention,train_ticket
1,11.979700366686902,3.1129438043421644,99.73191435838145,14.607739744362503,18.864168648097824,35.9318359375,0.15190831871345029,0.995,193421.5287648965,2039212.0013857957,1,0.053832949224199456,2149,1,0.18838457784285018,4098,0.026512122986822838,0.862538,0.07919449292229501,cpu_contention,train_ticket
1,0.06523855175117443,3.0674831545288224,99.9441788421514,14.658521485129613,18.865391474184783,35.9576171875,0.10568611367127496,0.9666666666666666,234200.92408591192,1981703.2947862425,1,0.0520978954468827,1206,1,0.20336134453781513,2380,0.02746991932773109,0.873929,0.08101204919519019,cpu_contention,train_ticket
1,1.2810593445941068,1.1259157530103385,8.712235765260097,1.3961472923065703,18.86667374320652,35.9755859375,0.28002938380688375,2.47,371753.8082776415,2186447.3093721787,1,0.05284959679560031,2693,1,0.19365642237982664,5076,0.03417566449960599,2.545296,0.17718882008127881,network_delay,train_ticket
1,1.8844672390109305,1.2390950598454469,9.988010561439555,1.7437657303887482,18.87092815896739,36.1529296875,0.17292436936936936,0.99,324385.3951905088,2270995.793391248,1,0.056630762272806945,1341,1,0.23099308839578028,2749,0.032411765005456526,0.825324,0.092036701035958,network_delay,train_ticket
0,0.0,1.1332321876649887,8.916490343894472,1.6092708827819597,18.87471976902174,36.1439453125,0.32407157894736843,4.424999999999998,351639.4384743363,2041206.1212222527,1,0.05160990691090206,1820,1,0.19201409277745154,3406,0.03695941984732825,2.829428,0.19249056952474766,network_delay,train_ticket
1,0.03284125119312842,1.0340925617782828,7.748946553323344,1.3279873362426369,18.879284137228264,36.3962890625,0.204701554054054,2.035,274626.99774157343,2273338.0444917525,1,0.05179152511203755,1596,1,0.14476190476190476,3150,0.025910715555555554,1.077484,0.08244292379593648,network_delay,train_ticket
0,0.0,1.229957037571979,8.362145209212564,1.5429939844196159,18.887899116847827,36.3603515625,0.22824303418803418,2.2600000000000016,421897.2672534274,2241512.4135296876,0,0.04906841748428148,1911,1,0.20819397993311037,3588,0.04098534280936455,2.182446,0.16493415593197527,network_delay,train_ticket
1,8.040878914225292,1.2045759094664612,9.096730279275045,1.5226445870784073,18.89235309103261,36.392578125,0.1362302380952381,0.99,301892.4567614679,2070710.587116237,0,0.048782299203088075,2314,1,0.19868482855800845,4258,0.03777036542977923,2.496803,0.1528995087441329,network_delay,train_ticket
1,13.382698073220652,1.2354346156571576,9.800195582056585,1.788972851300355,18.919365658967394,37.028515625,0.15906519230769225,0.99,473240.1278021899,2251733.074221453,1,0.05257868384859221,2081,1,0.19844455594581034,3986,0.026161550928248872,0.789994,0.07865818234316937,cpu_contention,train_ticket
1,9.920378664950002,3.1861558437790243,81.03444912611441,11.919186493425526,18.928006114130433,37.0140625,0.3458103370267774,2.47,350863.25420947536,2350761.749408556,1,0.05078966435974208,2394,1,0.3220831470719714,4474,0.05246516115333035,2.018102,0.17401871342200537,cpu_contention,train_ticket
1,12.479146688240137,3.3614363006170596,99.89929952272595,14.63806961407558,18.93806895380435,37.0205078125,0.2778517499999999,2.4775,511324.0110122528,2027016.780402827,1,0.05137150238470978,2284,1,0.24545454545454545,4290,0.0482832020979021,2.548695,0.18596706296557317,cpu_contention,train_ticket
1,2.321478704318804,0.84205586011139,7.321313149606204,1.144623759917529,18.93999235733696,37.03046875,0.8411771153846156,9.450000000000005,403069.0128687836,2167296.493931268,1,0.08039783118433586,306,1,0.16597510373443983,723,0.17910759889349934,5.637653,0.6739315761084681,network_delay,train_ticket
1,4.063672694556606,0.9190995211299646,10.072073264205768,1.5942792859773756,18.94816151494565,37.2580078125,0.40073177419354844,4.600000000000001,214198.0682659813,1997666.8170580652,1,0.06377939033441837,694,1,0.15583508036338226,1431,0.08989475821104123,4.316399,0.45834041991689695,network_delay,train_ticket
1,0.21002021274000482,0.8841727502392539,8.75297610395543,1.351467828105345,18.948934273097823,37.2640625,0.4574107236842105,4.975,384909.70298136346,2066786.143884041,1,0.05098530612473462,1169,1,0.15253456221198156,2170,0.06020124423963133,6.277948,0.3750580574257304,network_delay,train_ticket
1,0.10616541351865227,1.1362422062282018,9.55741617499114,1.5143345171925247,18.94129161005435,37.2806640625,0.5874683403361343,8.900000000000004,400271.78290962375,2390481.639173295,0,0.049886920423143244,2097,1,0.18413098236775818,3970,0.040636396221662464,6.641596,0.24431557269046877,network_delay,train_ticket
1,2.376518914465792,1.1384047188763737,8.926667867995457,1.4470174814477945,18.941376528532608,37.287109375,0.8599712007575757,9.9,389915.34090166003,2253032.124195331,0,0.04980548782870098,2189,1,0.3230188679245283,3975,0.08831580880503144,7.511676,0.469216317358964,network_delay,train_ticket
0,0.0,1.1230875874226522,10.104430448942528,1.6006343805496608,18.935814368206525,37.292578125,0.3734197619047619,4.841666666666668,307973.72380898346,2159694.5989724277,0,0.04990997375697792,1845,1,0.22934472934472935,3510,0.07686615754985754,4.448393,0.3819606275556868,network_delay,train_ticket
1,2.3890598638700764,1.141318716397865,6.851335380562995,1.4566938268903704,18.948301630434784,37.5466796875,0.3957886773136771,4.4999999999999964,434986.2173246689,2351681.9111709967,1,0.051412262931708086,1962,1,0.36319218241042345,3684,0.0675877638436482,8.315938,0.3579230734965475,network_delay,train_ticket
1,4.9560611051372785,1.0458945981542476,7.791047596971218,1.3044108829917718,18.954479449728264,37.5900390625,0.35644648388648403,4.450000000000002,424295.5457505728,2339638.352909096,1,0.05009883482271238,2702,1,0.2601726263871763,4866,0.03556472708590217,2.766589,0.15938905215970348,network_delay,train_ticket
1,1.0894124948560453,1.14658230382143,7.372252569894509,1.306418305847172,18.95092985733696,37.58984375,0.6165400416666668,4.975,489635.9673940905,2264316.7504280773,1,0.05180953236536179,2076,1,0.30948756976154235,3942,0.05324229883307966,4.989057,0.2574890913426022,network_delay,train_ticket
1,0.13406426011092187,1.2221153451384505,9.340755132781853,1.5978873762722299,18.98859969429348,37.6138671875,0.2801553711484593,2.23,418391.0815213689,2510381.2834292282,0,0.04951512364932087,1917,1,0.2668755340358872,3511,0.05060230788949017,3.263408,0.22069844418923862,network_delay,train_ticket
1,9.462729529523608,1.0655803713271195,10.308711094828144,1.5873637130257001,18.992136548913045,37.60703125,1.2398046070460707,9.9,484465.35906941065,2294095.607109702,0,0.04984330321707742,1647,1,0.2602829878249424,3039,0.19849748963474828,7.33952,0.7533786507280746,network_delay,train_ticket
1,4.236262858047374,0.9741745064980813,9.604288419059314,1.4528472820344243,18.99652258831522,37.9873046875,0.3618768452380952,2.485,505521.11134743603,2257571.8562705647,1,0.05084700632771322,1477,1,0.2609949531362653,2774,0.18616721521268922,4.170794,0.6368053787012932,network_delay,train_ticket
1,9.408165853135849,0.965695816526756,7.410770939165485,1.2796641574482412,19.003524116847824,38.4111328125,1.0883960994397757,9.65,435285.105732442,2498063.897979466,1,0.05370033922478501,1321,1,0.2207436399217221,2555,0.1263913264187867,5.346036,0.5434439396715067,network_delay,train_ticket
1,1.2325519920842538,1.1264309726638622,11.641047173861278,1.7790528328889845,19.000951086956523,38.4294921875,0.449721,2.485,443092.1853581608,2482838.9805666385,1,0.05555668680868486,859,1,0.2706289671090594,1733,0.2748240403923832,6.47013,0.9283285115929543,network_delay,train_ticket
1,4.38512411520348,0.9360347686776751,8.59810955722988,1.333465491487421,19.004318104619568,38.439453125,0.8482007407407408,4.966666666666667,208542.56092123993,1905426.491404126,1,0.06649070615193942,917,1,0.29438314944834504,1994,0.2816756549648947,6.47013,0.8511123186501712,network_delay,train_ticket
1,0.40509194984168895,1.0724996906537831,6.615307244186116,1.2496941148197946,19.037117866847826,38.89140625,0.554645262049942,4.95,528558.7016892744,2070066.9075378682,1,0.05018041997281919,2400,1,0.29482604817127567,4484,0.057573336306868866,2.801697,0.25657197620440036,network_delay,train_ticket
1,9.891419869244604,1.0160923417623648,8.84191423674936,1.464247380480828,19.033827275815216,38.89609375,0.5326937121212121,4.975,561634.7200345503,2099689.2022740254,1,0.05252807644762836,2139,1,0.2082294264339152,4010,0.04781784713216958,3.173405,0.25825470611965273,network_delay,train_ticket
1,1.7840808695440402,1.0576190175160254,9.305441319044078,1.52383261408498,19.03149626358696,38.90234375,0.47321680823680834,4.975,305263.50340093777,2024120.9363865855,1,0.055048415890003866,1699,1,0.2549937578027466,3204,0.06421405805243445,3.409246,0.3269591770869325,network_delay,train_ticket
0,0.0,1.017610930803279,8.87560468312431,1.389547541255336,19.070040760869567,39.0689453125,0.2626089189189189,2.485,455212.44894844515,2118042.8906176304,1,0.05034674296337871,2076,1,0.19925213675213677,3744,0.0389546781517094,2.632011,0.18157649756827254,network_delay,train_ticket
0,0.0,1.4902778372554288,7.357612216146618,1.4274481769245297,19.06065726902174,39.0625,0.3947726104925775,4.4,595289.7259824405,2695153.797023057,1,0.05058797148179617,2212,1,0.2950273614085177,4203,0.0662955488936474,4.52916,0.32127985088270833,network_delay,train_ticket
1,1.0092736877109207,1.2714015906291751,10.534530166587365,2.0329216315207446,19.061209239130438,39.07421875,0.1942515413533834,2.485,573300.4244259263,2329973.496026242,1,0.052520355708823074,1937,1,0.15776081424936386,3537,0.03427419027424371,2.847342,0.19077023882377703,network_delay,train_ticket
1,2.316987965339081,13.110946359510145,35.762994134183145,13.75341396491689,19.47355783721547,32.7728271484375,0.39204113655640394,1.8149999999999995,244373.892954581,891256.1073564669,0,6.322514570589188e-05,24841,0,0.08970850167253139,23019,0.015299259698509924,2.61677,0.0797638094155224,cpu_contention,online_boutique
1,13.209624195946013,20.274000311288624,80.52533208978818,27.496395696982947,25.80324262454186,69.9188232421875,0.42218283783783767,2.4955405405405404,282262.9195048436,968111.3186564825,0,8.612218953985007e-06,24272,1,0.30253254228283005,22586,0.02226710803152395,2.501829,0.1037179634350138,cpu_contention,online_boutique
1,2.7774947366539866,17.883634810630703,81.34510727295641,27.279546783484278,20.299566951798806,32.7728271484375,0.5005520784697061,3.787499999999996,187938.56335550608,693931.3989749212,0,5.880332523089393e-05,17924,1,0.39844353353531753,16833,0.05347785534367017,2.700667,0.19533322696708214,cpu_contention,online_boutique
0,0.0,17.572209150293258,56.77954784865136,21.544620084212735,19.788906144507138,32.7728271484375,0.3299316868969808,1.5699999999999992,272727.73308031063,884846.5843266252,0,7.589443186095668e-05,24200,1,0.2759901543969568,22345,0.014026194540165586,1.642926,0.06049544392506525,return,online_boutique
1,0.8552378467284898,10.429978797574947,41.27835142943976,13.481556346645739,19.844855037736306,32.7728271484375,0.30875041666666675,1.8700000000000008,108823.19701054064,652456.2917127055,0,0.03036362800517134,14918,1,0.21971901238673205,12029,0.011105158284146644,1.220389,0.047016177236481174,return,online_boutique
1,0.289436576608181,10.291687233328858,52.40766520122796,16.529766908541998,19.82484906985436,32.7728271484375,0.3105996296296293,1.918749999999997,155179.9758183885,753958.7387242308,0,0.03973196309555238,16769,1,0.2194839921948399,13837,0.012153751608007515,1.179317,0.052000178109508334,return,online_boutique
1,0.010465465015408126,17.859405628122154,75.90590565821911,24.929507071564007,19.780089955271027,32.7728271484375,0.2272348863801413,0.9585294117647062,258898.03747210355,938386.3852982082,0,1.3056379799647466e-05,26615,1,0.29340605265316166,24386,0.015207723775937012,1.470706,0.05938861327263122,cpu_consumed,online_boutique
1,3.0202261885136608,21.03974491312975,99.64454237872108,33.29758117019731,19.933356014298806,32.7728271484375,0.3859363580246909,2.4972222222222222,221380.96064297244,889317.9395340671,0,0.0004836528455370859,20798,1,0.306814693543436,19546,0.03199471247314029,2.593599,0.15279202299557654,cpu_consumed,online_boutique
1,3.0277352492438325,22.142049851384183,99.92873893494686,34.23401821447928,19.893683162736306,32.7728271484375,0.37433767195767204,2.474285714285714,201051.27340961885,840809.9994981966,0,7.956058715841152e-05,19328,1,0.3065153285483781,17973,0.03384427368831024,2.701718,0.1625587404295889,cpu_consumed,online_boutique
0,0.0,15.249468385357298,54.5741661573536,19.225608891919407,19.865878258222416,32.7728271484375,0.17195086021505382,0.83875,268042.1082539034,970227.8524288503,0,2.1869519601258602e-05,25327,1,0.28484924940078216,23781,0.013121888902905682,1.7604,0.05360275932713598,exception,online_boutique
0,0.0,18.091083104038873,73.27251754417901,23.72651495610077,19.923861656659916,32.7728271484375,0.32650856209150303,1.8249999999999984,266051.060928802,956618.7717271949,0,2.0008688143224873e-05,25569,1,0.27577897095505854,23653,0.014244108146958102,1.643519,0.06054236123482759,exception,online_boutique
0,0.0,18.613806173728097,70.21846689521145,24.5236975418432,19.966247181833527,32.7728271484375,0.2562005555555555,0.9124999999999996,251139.97583373575,939418.7545754622,0,1.5631007840744005e-05,25194,1,0.28366970904572136,23337,0.012914632771992972,1.682189,0.050814766107823116,exception,online_boutique
1,0.7435596884920233,16.96630617387176,65.1237001973872,21.92330035598112,19.87910254207658,32.7728271484375,0.4521359457671957,2.2385714285714284,260635.82699970028,870703.9255950883,0,1.1072375592169337e-05,25834,1,0.30251235584843494,24280,0.01737988834431631,1.650717,0.06911522997126836,network_delay,online_boutique
1,0.09108161495318656,14.536977770271822,54.94314707703376,18.12926485692436,19.820780059437695,32.7728271484375,0.27477785285285283,0.995,229467.24119926806,906565.6384086815,0,3.1222707537081895e-05,23657,1,0.3081122541057571,22164,0.02441477702580762,1.676525,0.09325041688729875,network_delay,online_boutique
1,0.1417519240744065,13.616473090134535,44.97334867681369,16.301820028228743,19.927591582875195,32.7728271484375,0.43572555555555614,2.1519999999999984,240109.4854790688,923548.8258878685,0,1.5382783912221143e-05,23345,1,0.3138214384636691,21662,0.023180507340042473,1.285607,0.08420371506367655,network_delay,online_boutique
1,4.96217369891062,16.335163817840634,73.67515248900686,23.372678763760064,19.85163672176408,32.7728271484375,0.5104172222222221,2.47,281445.9311573311,717672.2939131454,0,2.4140224828994583e-05,25081,1,0.28013910355486865,23292,0.015019291945732439,1.583187,0.060898971691463036,cpu_contention,online_boutique
1,24.597010350039294,26.698707592402812,88.06425268333442,32.898047252703634,20.576259660132138,32.7728271484375,0.42000233966004114,2.1189999999999984,279999.99633803597,835027.5216815094,0,5.715274647422053e-05,25488,1,0.3083791790097334,23630,0.023147877147693608,1.569338,0.0826433807261015,cpu_contention,online_boutique
1,21.973558903639727,25.06231804882985,88.29615062946094,32.43397833501852,20.625426869333527,32.7728271484375,0.27542574694311517,0.9660526315789472,279785.7653877487,1012949.6323930448,0,0.00011123957811176588,25762,1,0.3214927493835931,23929,0.021750162313510804,1.569338,0.07737296988429894,cpu_contention,online_boutique
0,0.0,12.735866214554422,57.88829460373932,17.881289759385435,19.993713002146027,32.7728271484375,0.17597744668911325,0.9427272727272732,258247.02083240377,897634.9371186716,0,3.6729274781044374e-05,25532,1,0.2741157556270096,23636,0.011230080639702147,1.067952,0.04026957720388824,cpu_contention,online_boutique
1,10.136613336035985,25.051353563911835,98.83662297817176,32.875275581578535,20.280578236521027,35.2386474609375,0.8757605677105684,4.9,245023.89701882217,895635.8962297552,0,0.00010557482758977166,23808,1,0.28544226322709343,22057,0.021205712290882712,3.968601,0.14245665339565378,cpu_contention,online_boutique
1,9.109966317764776,24.313040481827066,100.8008987632092,32.73424684062265,20.390780601972416,35.7421875,1.1122977777777785,4.925,264481.13833400205,953244.2612618238,0,0.00018839477738585853,25309,1,0.30332017844886755,23312,0.027761735458133152,3.638434,0.172347843646695,cpu_contention,online_boutique
1,0.20535160638123573,16.43499104921004,74.84005549492976,24.389076790861626,19.670226674021027,32.7728271484375,0.5747321208112877,2.380000000000001,259415.3424991867,970782.8952299199,0,3.33558025290559e-05,26318,1,0.2912633305988515,24380,0.014815367145200984,2.032067,0.06412691915561622,network_delay,online_boutique
0,0.0,16.122023989288753,49.97627809039543,18.82143101502974,19.77602094485436,32.7728271484375,0.2688712248007501,0.9749999999999998,258367.53853961724,988369.8995198521,0,0.0001981858642357004,26397,1,0.276057584043751,24868,0.012633509409683125,1.320462,0.048856014765327936,network_delay,online_boutique
1,0.04696467105927149,18.228037228774042,70.7896808909672,25.267460424062506,19.718715714819638,32.7728271484375,0.24044482427327513,0.9842307692307696,284179.1872086508,892662.6067592377,0,2.859602392868421e-05,26616,1,0.2795481232538365,24697,0.013492808843179334,1.582308,0.055469964083381805,network_delay,online_boutique
1,0.32936508070568493,15.513314477664895,58.78947373051401,19.459843775971702,19.731600914472416,32.7728271484375,0.21419248436748417,0.9143750000000004,254422.39071445208,964281.7662920128,0,1.4331220998031746e-05,25414,1,0.27358410461068183,23554,0.014342422985480172,1.946335,0.062383236385316586,exception,online_boutique
1,0.19061522200996084,20.910913716198703,77.22660026550669,27.190416852582658,19.822814564646027,32.7728271484375,0.5298697340754481,2.056,297332.2853027175,1020701.6639948261,0,1.7164251353118942e-05,26953,1,0.2763749704095321,25346,0.015028991990846683,1.397059,0.0610877558292681,exception,online_boutique
1,0.3789237230430853,19.181182075675608,83.76552994509055,27.402549345529795,20.189025502146027,34.0850830078125,0.5657434831857273,2.3425000000000007,254697.11932647662,965247.3828247287,0,3.719666042756309e-05,25591,1,0.2894835877064604,23915,0.017265403428810368,1.733556,0.07679668924296591,exception,online_boutique
1,0.08878168293105126,19.908371205750008,69.28070890864164,25.470479313934085,20.90449316707658,40.2679443359375,0.46887578703703636,2.380000000000001,313897.56854958815,1113733.2577271797,0,9.02555559634255e-06,25692,1,0.29985069674850695,24112,0.012432141298938286,1.627515,0.04952738710819487,return,online_boutique
0,0.0,16.481920432682408,66.9641119460409,21.80261561903599,21.070983509958527,41.363525390625,0.24075610930735933,0.9463636363636364,283498.37005056214,983359.9266059188,0,2.5362352513047526e-05,25261,1,0.29059499314128945,23328,0.014364333504801098,1.997392,0.06014308151819454,return,online_boutique
0,0.0,17.77632845490971,73.97753458806787,24.95333427462589,21.128627824194638,41.363525390625,0.30384396167047995,1.5174999999999947,260705.5762970518,959222.4958321701,0,0.00011284774464803693,25400,1,0.27186543059692103,23839,0.012840076890809179,2.125812,0.054878725824710275,return,online_boutique
1,0.13732865710188213,18.41743366208236,74.46960937542863,24.849621937794332,21.020120879750195,40.6585693359375,0.20339129629629613,0.9831249999999994,293004.4203526502,966894.9626462659,0,2.5792939832181005e-05,26410,1,0.30589815606301135,24567,0.019289664834941184,6.375773,0.12999482053120395,cpu_contention,online_boutique
1,16.86318454272447,13.338742331970728,101.05386339563913,33.0292154100321,21.880377498673806,40.6585693359375,10.882828024691356,58.54999999999999,56061.72947076543,563188.4336998523,0,7.078514168068484e-05,7260,1,0.4171632896305125,6712,0.36416209564958285,36.772809,1.9817079989622792,cpu_contention,online_boutique
1,17.5646870412697,13.279691481075668,101.34012363531002,33.09647338248228,21.83324479468075,40.6585693359375,9.265018571428573,55.20000000000003,59219.02912462398,591691.5047950319,0,0.0003374381524182679,5874,1,0.4401428302950573,5321,0.5412130778049239,36.79985,2.522264248007544,cpu_contention,online_boutique
1,35.03307953577886,17.42254976440485,68.64695394601705,24.135946364368902,21.11302995093075,40.960693359375,0.23478092592592587,0.680833333333333,284283.72713269514,912607.7226740125,0,2.1161483891862787e-05,23573,1,0.3146046597804437,21589,0.02421863050627634,7.933192,0.1710197131829043,network_delay,online_boutique
1,1.8724026418597695,10.943993557090087,43.21228288897375,14.222358526020823,21.080816951798806,40.960693359375,1.627127407407408,9.518750000000004,154859.13461644386,727167.0756271991,0,0.00029174173145585236,15582,1,0.3205305332964907,14476,0.09193763836695218,6.775705,0.41492090318804214,network_delay,online_boutique
1,0.2618258184743354,10.460926426688008,46.34725460380802,15.005397068490053,20.942470597632138,40.960693359375,1.416268765432098,9.674999999999995,156214.37203439596,682861.4495763953,0,1.509393935650305e-05,15394,1,0.33634745461018156,14045,0.09953533798504806,7.217699,0.4563962367514816,network_delay,online_boutique
1,0.13337483839000974,16.365207351740068,54.75380198910626,19.54136048135441,21.06420182593075,40.960693359375,0.3014080246913566,1.4949999999999872,269615.282775825,969147.1749663212,0,1.1947390198496777e-05,26001,1,0.26992181001497256,24044,0.013156913699883546,1.82617,0.05572853513431301,cpu_contention,online_boutique
1,75.42104448395033,26.773189601038226,84.93542997506765,31.516042844563618,21.31385256920332,40.960693359375,0.33447194444444445,0.9922727272727282,247019.32953271706,887506.3567922467,0,7.940377531268084e-06,25389,1,0.28357326803732,23687,0.012693782243424665,1.82617,0.05406158518567905,cpu_contention,online_boutique
1,73.66109589672463,28.03042558028403,84.49663243660852,31.750919103458244,21.2762989938995,40.960693359375,0.33752535353535346,0.9895454545454538,272025.5327804783,922017.4454833276,0,2.219514965240421e-05,25108,1,0.2906135648029955,23502,0.013756540336992595,2.212877,0.06280046798961604,cpu_contention,online_boutique
1,0.9629660830462554,17.944968850956744,68.47831177616209,22.760585883304188,21.08149512020158,40.960693359375,0.20707886243386223,0.9835714285714277,260191.09911546521,842932.9537388475,0,1.2593359285273387e-05,25138,1,0.2640509467025687,23397,0.012815216651707484,1.52402,0.053325436963092825,network_delay,online_boutique
1,0.3067039261126068,19.24823385778777,67.06136483444305,24.425970638943223,21.13710492922936,41.0614013671875,0.5558499848359522,2.485,267418.02251360315,942999.2197024142,0,1.3530428029095987e-06,24719,1,0.2877374784110535,23160,0.014642485405872194,1.540875,0.06518485198722974,network_delay,online_boutique
0,0.0,18.50894108919507,70.81111240081395,25.270382643102263,21.20051367488908,41.0614013671875,0.5560842564102563,2.455,261994.18275439742,922053.7914986869,0,9.977787281034711e-05,25367,1,0.2959417097348132,23606,0.016576028213166144,2.019606,0.08270836432841823,network_delay,online_boutique
0,0.0,16.589026755155103,68.2761528380952,22.32100702678958,21.15202463409047,41.162109375,0.30761001178613445,1.5474999999999917,258178.23298537807,900450.8242818712,0,0.00010674470832960914,24642,1,0.2851006594932315,23048,0.011078285794862894,1.148468,0.04164618698448206,network_delay,online_boutique
1,0.9798757842065808,15.581455341942322,63.25708892775459,20.4873679535901,21.142191192250195,41.162109375,0.407585888278388,1.8950000000000005,241874.31655527843,886111.8653103951,0,4.758847039709746e-05,24007,1,0.2887248322147651,22350,0.014748474675615214,1.46611,0.061714296201584126,network_delay,online_boutique
0,0.0,16.047262556949796,58.08519527951815,20.479347596180286,21.147955623673806,41.162109375,0.39150761437908504,1.9675000000000005,279232.0048501394,1019897.3759478308,0,0.00013197773092465948,25676,1,0.30997947987771685,23879,0.01751449131035638,1.721245,0.0760527478573478,network_delay,online_boutique
0,0.0,17.174095150741653,69.82812060421779,23.449537013454695,21.14253027645158,41.162109375,0.2302149669312167,0.9924999999999998,241577.9267880413,971481.5348750281,0,0.00014278188436589456,25237,1,0.27835662854722576,23610,0.014097319398559932,1.914099,0.0632482625038463,cpu_contention,online_boutique
1,36.540340940852595,27.29931873339089,89.83348421422687,30.722037592247013,21.76000260718075,41.162109375,0.29462603988603964,0.9825,263548.27948491997,989509.8875818091,0,0.00016515828525198728,26271,1,0.2941629197553368,24687,0.0142615271195366,1.862198,0.05866027406989695,cpu_contention,online_boutique
1,35.67826992247526,25.27602984975683,82.14502942152944,28.083182222060064,21.828158531659916,41.2628173828125,0.3726378395061717,1.5774999999999884,291926.32470609836,971971.9547561511,0,8.572926258998415e-06,25337,1,0.30007206137933956,23591,0.014604481921071593,1.437913,0.058759854892045944,cpu_contention,online_boutique
1,4.051901909259627,22.59407776934371,86.98131245637563,31.927778947185445,20.863463978708527,41.2628173828125,0.24810813131313114,0.9918181818181816,237898.0593960578,745690.5602941962,0,2.1901191407436293e-05,24431,1,0.2885107133409752,22682,0.012343848381976897,1.379823,0.048651998767610526,cpu_consumed,online_boutique
1,4.054059060207974,20.588668622384453,87.75100056790994,31.930555561999004,21.077426109784916,41.2628173828125,0.7436336980195586,2.4470588235294115,245728.06036754945,899894.0616223696,0,1.7453443403536717e-05,22872,1,0.34706976744186047,21500,0.039517218697674425,1.883065,0.12141389037993024,cpu_consumed,online_boutique
1,3.989003922656779,20.209294153399522,87.74010928332851,29.91568564040008,21.139139434437695,41.2628173828125,0.5384760846560845,2.4373214285714284,241538.60526790246,943219.4417742165,0,6.3534581654201e-05,21880,1,0.38863580700465344,20415,0.057621133284349736,1.929569,0.15080132532504598,cpu_consumed,online_boutique
1,0.2168414168681425,18.449119642383984,70.27442990586937,24.164610850286486,20.81938303252797,41.6656494140625,0.3333701859868528,1.8450000000000024,261249.54024663338,925375.8925656532,0,4.456643321060216e-05,25648,1,0.28861499895550446,23935,0.013284856026739084,1.401624,0.05379870797210373,network_delay,online_boutique
0,0.0,14.386571063122302,57.62304725573627,19.267444688491192,20.83159006377797,41.6656494140625,0.3192237037037037,1.9199999999999977,237044.7471128285,902211.6557510783,0,3.2703958935731414e-05,23494,1,0.2875819970845481,21952,0.01763408582361516,1.290195,0.0782670556088455,network_delay,online_boutique
1,0.17206401683466122,15.057810334762072,58.28624426907494,19.540277829979996,20.83125097957658,41.6656494140625,0.46188078347578326,2.3846153846153846,230147.3016354336,1008665.5812053434,0,9.817095564357281e-06,21787,1,0.30138070965507,20207,0.02887022135893502,1.702987,0.11817122093627021,network_delay,online_boutique
0,0.0,15.307180511727958,47.70760076888861,18.465638493831815,20.915682945722416,41.6656494140625,0.2583387037037037,0.99,256814.780500194,1015688.8904969095,0,0.00010356775543551855,25914,1,0.2800791393594658,24261,0.011894470384567826,1.51136,0.04547725321284976,cpu_contention,online_boutique
1,7.936375608034396,24.971892079299682,98.30027642883394,33.118756750826414,21.112868697554976,41.6656494140625,0.6211939336917562,2.451612903225807,218354.63393160584,757480.2840612052,0,5.156524157035047e-05,21647,1,0.3175180687349427,20339,0.03960166409361325,2.345147,0.17826633041230816,cpu_contention,online_boutique
1,6.192926671050655,24.942907203774794,102.24693998869704,35.184994386932026,21.152333577473957,41.6656494140625,1.0741621661998133,4.4,220420.0777418377,1032997.9360203937,0,7.722665465015321e-05,21174,1,0.33355333299487233,19697,0.04799669924353962,3.882968,0.22379822207598948,cpu_contention,online_boutique
1,4.8146400468872725,16.376483312176557,52.21946661858612,18.658596228306962,21.23771950050637,41.6656494140625,2.2323960836385837,9.788461538461538,193295.50163269776,778707.785025919,0,1.5262202657906343e-05,18301,1,0.2947238976401007,17077,0.07831921625578264,5.700346,0.48862139812630256,cpu_consumed,online_boutique
1,2.9154321662030815,16.86627716233822,83.00621830895713,26.607778606620542,21.16752907081887,41.6656494140625,1.4137651015531667,7.000000000000007,138509.0307163644,766726.0744238413,0,1.1224191003744721e-05,12430,1,0.3157758843273948,11619,0.16940044169033477,5.745305,0.7283217694279721,cpu_consumed,online_boutique
1,4.679323483422879,19.66489356891244,99.9737405044513,32.25792702879354,21.134637903284144,41.6656494140625,1.1581223048135245,4.971951219512195,133445.0041807729,670031.9602534057,0,0.00011313267290757878,13492,1,0.31176424113138973,12657,0.1555229993679387,5.289555,0.6786313957653187,cpu_consumed,online_boutique
0,0.0,16.151654622337073,66.3438430473821,22.174624470558754,21.075956744912233,41.6656494140625,0.32087613912231583,1.8500000000000028,251706.07640375037,975243.4021775199,0,3.586402102651043e-05,26671,1,0.2835401357266193,24903,0.012790723687909088,1.219245,0.0515695353282945,network_delay,online_boutique
0,0.0,15.284053121283469,61.751919670912834,20.430715618744355,21.07019231348862,41.6656494140625,0.5848383774250443,2.485,267692.9826029707,858822.4453676209,0,0.00013281070368575953,23273,1,0.27528115675923803,21785,0.014922307964195546,1.669501,0.07240253979919795,network_delay,online_boutique
0,0.0,15.290631803396103,45.93230562325189,18.846957426505185,21.084433849946954,41.6656494140625,0.5876455617055708,2.485,260967.9624877367,937980.7218532036,0,4.217548902651913e-05,23711,1,0.3010583201981536,22205,0.01868326435487503,1.519143,0.08803871888222299,network_delay,online_boutique
1,1.1072062982329185,18.17118867771104,66.92698787396951,23.59978487328198,21.093589123384454,41.6656494140625,0.28961762544802716,1.4949999999999872,270941.447670737,1026118.718240704,0,8.746608908882791e-05,24680,1,0.2782684359364803,22985,0.012693882010006525,1.685126,0.05222862477970089,cpu_contention,online_boutique
1,8.953837233883107,26.736253169417306,85.1031700772765,31.745286900948265,25.206002317828897,70.0897216796875,0.3772484116809115,0.9749999999999998,255319.50020759064,955038.414634191,0,0.00013531515297149355,24257,1,0.2862501674630465,22393,0.012727404903318001,1.044008,0.0493422224539307,cpu_contention,online_boutique
1,4.431211054257302,25.723577831521652,89.49665153601887,31.834782226128176,19.497519787446954,41.6656494140625,0.32752645766590377,0.989473684210526,249428.60260309055,967825.3449259041,0,0.00010389083564599222,24534,1,0.2754825826492123,22535,0.016249851342356333,2.191323,0.07347170387573958,cpu_contention,online_boutique
0,0.0,16.652746217300475,59.42672751298761,20.42021764023495,18.67761418848862,42.7734375,0.3291167836257311,1.4425000000000028,265304.27866532136,849662.791834455,0,0.00014040137879400838,26395,1,0.2723541483435942,23877,0.013385780709469363,1.430953,0.05167319130810617,return,online_boutique
0,0.0,14.588665032326718,47.1797358665605,16.538112432721935,18.716947955849733,42.7734375,0.3189152579365075,0.9885714285714288,261079.84215325126,1051883.3021067563,0,0.000742304283596118,25238,1,0.27927849043386893,22841,0.013242907928724663,1.184777,0.0513067712511654,return,online_boutique
0,0.0,15.458170648005588,53.44419409568443,18.536679000540563,18.687786714530287,42.7734375,0.40321218374218365,2.23,255172.57023380438,919384.1339864786,0,0.0005075663296914001,25516,1,0.2987913865009788,23498,0.014027590092773854,1.420387,0.05658575125074901,return,online_boutique
0,0.0,14.632694760364839,46.073375091934096,16.704971027193363,18.645401189356676,42.7734375,0.6168679565772668,2.455,286209.0014160346,961358.1254192702,0,1.0099981749611686e-05,25019,1,0.2819859402460457,22760,0.013671640597539546,1.744515,0.062889033531741,exception,online_boutique
0,0.0,16.65958298261077,65.80925862106238,22.26593818626964,18.655912799599733,42.7734375,0.2799117547055252,0.9682499999999996,279307.7180963994,1135434.6749756073,0,6.234514758274301e-05,25166,1,0.2900585802894555,23216,0.014418991256030324,1.677808,0.06176740712754525,exception,online_boutique
0,0.0,18.91455503915704,69.02020320729825,24.451215709541433,18.629125147690008,42.7734375,0.3414515023378177,2.1549999999999967,251023.52569399233,996092.8547058676,0,0.0004236077153492168,24907,1,0.2842300221348873,22137,0.015822754890003163,2.15459,0.07246727652465301,exception,online_boutique
0,0.0,11.189049447187978,38.40699849999964,13.264925153380045,25.76431647373351,87.04427083,0.3339934090909093,1.8450000000000024,277620.11912404106,1037039.5540707011,0,3.294887799554225e-05,25624,1,0.14274358867087814,23903,0.01242534213278668,1.957003,0.06213708393709771,cpu_contention,online_boutique
1,5.015180311474094,18.97857735648777,88.25279525000724,29.32807544271736,26.36076422763976,87.03645833,0.28365748857627404,2.477894736842105,195763.5562564019,994324.0739641082,0,0.0002952096933179771,18518,1,0.2558193668528864,17184,0.04571409793994414,2.802298,0.1788791751018009,cpu_contention,online_boutique
1,4.999231743797978,18.850738486341015,86.99830711742173,29.42846061241949,26.39463873935851,87.03645833,0.5442771071428569,4.696428571428571,203669.2395352295,994643.2639847086,0,3.2361648913070695e-05,18265,1,0.2622055108395511,17021,0.05011031878268022,3.102178,0.19234308074598966,cpu_contention,online_boutique
0,0.0,14.522888186042147,46.16720990704916,17.549799943441208,25.62397223545226,86.96223958,0.17687302688172055,0.8375000000000018,265848.27077476244,858308.5558659473,0,3.364296855579152e-05,23311,1,0.1793529081728072,21388,0.011142939498784366,1.25347,0.04911795457464264,return,online_boutique
1,0.7231980425753743,8.778237318588758,38.07721213237171,11.573995970637855,25.66913825107726,86.96223958,0.11636295236666612,0.6274999999999964,133623.21529422502,784249.4308837267,0,0.06067863314620214,14821,1,0.14783389083788856,12257,0.008142065187239944,0.806271,0.035778620758612524,return,online_boutique
1,0.5038857587479826,10.255546767875394,57.08513779270849,17.329098850997994,25.72406989170226,86.96223958,0.092596282674772,0.4764285714285712,143122.0934079267,898933.2356869158,0,0.030378859220838494,15643,1,0.1481539059463661,12865,0.01077273540614069,1.322806,0.053092603191127186,return,online_boutique
0,0.0,13.797535796319355,55.840908284461776,18.549491658516153,25.677532620233507,87.10416667,0.29651762535633075,0.99125,299604.55174107954,1093046.0082420816,0,7.35817969249597e-05,24951,1,0.18473809930046067,23444,0.012123980506739464,1.598157,0.059889875889747944,cpu_consumed,online_boutique
1,5.657871351333771,15.542319705623708,83.54388717272221,25.72532528660847,25.77780524326476,87.10286458,0.30844397318007666,2.4711111111111115,226648.1504027841,1025095.5110482387,0,1.7242984064913536e-05,20251,1,0.1872694699125303,18978,0.031485181684055216,3.099839,0.15917421975473717,cpu_consumed,online_boutique
1,2.826359218031696,17.531450095591985,86.88508531023015,28.3934875973364,25.84708014560851,87.10286458,0.5376789146795827,2.475655737704918,225350.39062318482,807446.7025231076,0,3.1498612723224184e-05,20280,1,0.18885905333543937,18993,0.03181479929447691,2.100001,0.15908315764814415,cpu_consumed,online_boutique
1,0.1442371192009051,12.329835834196784,42.88653294175069,14.96929575257726,25.755266995233505,87.10026042,0.15509299999999995,0.4925,297862.2394907095,1033777.0310404329,0,5.7986255343922544e-05,24568,1,0.18652668416447943,22860,0.009358046456692913,1.010058,0.03581673851020995,exception,online_boutique
0,0.0,15.099559000800625,66.4998919955799,22.617502296776284,25.869707913202255,87.10026042,0.1885707948717948,0.9254999999999995,283055.0770142925,1003048.7117566363,0,1.5505999117482183e-05,24991,1,0.19497452724289785,23162,0.011723176711855625,1.507004,0.052608012200855765,exception,online_boutique
1,0.34643051004200665,13.447588200668951,49.17742529272543,18.1849119546432,25.856585354608505,87.10026042,0.4162081309523809,2.242857142857143,276120.56774308026,1005768.8257363425,0,1.1759885317652596e-05,24581,1,0.19852229747559152,22738,0.013493294836837014,1.514213,0.06239436288787626,exception,online_boutique
0,0.0,14.653721043485456,48.93483914200795,17.08665888565043,25.768426174921007,87.11588542,0.18250205932187075,0.8549999999999993,299502.26651249325,1039928.4207688479,0,9.26662035675152e-05,26203,1,0.18700520940153412,24379,0.010211865581032856,1.38846,0.044437668707140165,network_delay,online_boutique
0,0.0,12.317398946703594,44.340499419964026,15.20457662970709,25.812066311639757,87.11588542,0.36779345454545453,1.8950000000000005,284534.1200716179,934059.850099255,0,1.4329587523120857e-05,26023,1,0.21046710279594982,23999,0.01575168611192133,1.462194,0.06731985353934343,network_delay,online_boutique
0,0.0,10.899547153236435,36.38112878146818,13.223357990307061,25.78952399326476,87.12239583,0.36955324603174566,2.1039999999999965,273490.1437622975,998937.5390067011,0,6.518682015066446e-06,23852,1,0.21935629079450822,22215,0.019402864776052214,1.43069,0.07650851305720222,network_delay,online_boutique
1,15.527498017847826,14.173944304144172,50.266801870476726,19.14389822283385,27.622100491327256,87.13151042,0.22990112741312715,0.9849999999999994,304191.8078482609,1099514.8734472238,0,3.025560801006577e-05,24762,1,0.1882256108126841,23084,0.01029637749090279,1.052755,0.04009215074118789,cpu_contention,online_boutique
1,30.08156429555388,24.99794391645692,100.060462764194,32.95401293170644,26.396766832139757,87.15234375,0.3039994285714287,0.9875,306347.5796214102,1174744.016381567,0,5.568183016979589e-05,25519,1,0.2039971568340511,23917,0.014965998662039553,1.747791,0.06036240406245385,cpu_contention,online_boutique
1,26.450546033908886,20.929985842738787,100.24525591121116,31.391330737816833,26.516395738389757,87.15234375,0.23399061363636364,0.9952083333333336,281277.2316217336,1049731.461912194,0,5.7393750010570344e-05,24500,1,0.2015900056785917,22893,0.016863842877735555,1.234361,0.06601310159473509,cpu_contention,online_boutique
1,39.59467503142016,12.796970291530428,58.87235031475672,18.09820943191664,34.67286139560851,114.7186279296875,0.21364460924369735,0.9193749999999996,287545.6635333322,1034132.6525764768,0,0.00014380864900898072,24378,1,0.18924259055982437,22775,0.00929521909989023,0.906035,0.037999415017587766,network_delay,online_boutique
1,0.30699394268679336,13.226525945813316,45.566278589101344,14.971835531593356,26.392571682733507,87.07682292,0.29855032258297276,1.5625000000000024,347419.9310933456,1103009.2694497614,0,5.968490769947543e-06,25330,1,0.18812638015967387,23548,0.009439557669441143,1.222258,0.04174827316644001,network_delay,online_boutique
1,37.74631039036335,12.809156131572024,44.10065694918831,16.980952499858454,26.499993557733507,87.07682292,0.15865069845714294,0.8262500000000014,302351.1345264786,1036074.9396405611,0,8.922803095989806e-05,24700,1,0.1948006932409012,23080,0.0092293726169844,1.343005,0.04105693785294763,network_delay,online_boutique
1,0.3010669937322106,13.951803034469117,47.28472235039892,17.8951859972281,22.381215074327258,87.06640625,0.30151255364327534,1.5925000000000027,270837.93644019327,1153799.3308375145,0,6.652865439926714e-05,25124,1,0.1770968019998276,23202,0.010411962287733816,1.309359,0.04473535350995375,exception,online_boutique
1,0.19963312776121844,14.341577909249452,52.36993674277532,19.33233708188803,22.510304429796008,87.06640625,0.25393401289682527,0.984285714285714,299102.99219221453,984319.8259272745,0,9.293556639144995e-05,25068,1,0.19005291005291006,23625,0.011004018412698411,1.617424,0.050847915843465534,exception,online_boutique
0,0.0,14.775532532042812,50.32347456384188,19.540882475110905,22.843413967889756,87.09244792,0.6453913915470492,2.395,284081.4422877209,1029642.908773107,0,4.467786915740568e-05,25428,1,0.18969702042182793,23896,0.014425550552393704,1.949412,0.07449005370415177,exception,online_boutique
0,0.0,13.995761351409872,58.90566135060296,18.754145482732305,23.132195706171007,87.09635417,0.18860758336666697,0.8983333333333332,306722.3883319206,1116779.1248423194,0,0.00014785336904166169,25228,1,0.1852705239802014,23436,0.011598334144051889,1.553579,0.05237259475286952,return,online_boutique
0,0.0,14.75626438847706,71.20089128600429,21.905696734469213,23.179803128046007,87.09635417,0.36788239478114493,2.2175000000000016,279734.0677168483,1018164.4720024246,0,0.00013851988110269442,24548,1,0.17857455564311356,22842,0.011269299667279572,1.321984,0.051847862933895726,return,online_boutique
0,0.0,14.949442211699111,52.64654403484356,19.351976033514436,23.213531155389756,87.13151042,0.26240074795574825,0.9863636363636368,291175.12153971806,1131501.8080383386,0,0.00037912127515049576,25605,1,0.19164414882560799,24055,0.012586836582831011,1.370549,0.05632458986109423,return,online_boutique
0,0.0,13.13400931544125,48.670550249319646,16.57444923305859,23.180962796014757,87.13541667,0.39969290909090943,2.0770000000000035,306844.38280437386,1153030.1101889964,0,1.2025658824299512e-05,26955,1,0.18290353390639924,25128,0.012153295725883476,1.680475,0.05928812654296228,cpu_consumed,online_boutique
1,11.351953793694063,23.481935072690042,88.24847413817686,30.342165738633742,23.350945706171007,87.13541667,0.3998724166666664,2.44,344195.9080378363,1068020.3526966476,0,3.9331233141148836e-05,26648,1,0.18878677208331662,24917,0.012244588955331702,1.42805,0.06405903299253618,cpu_consumed,online_boutique
1,9.584530301185453,19.467238835965468,90.86716928109624,28.16407256956285,23.392974514764756,87.13151042,0.5547421831501833,2.47,302871.4031938572,1160525.6313134152,0,3.268423526159303e-05,24832,1,0.19300450762829405,23072,0.014442047243411927,1.787553,0.07359903273999152,cpu_consumed,online_boutique
0,0.0,13.685216411953695,48.80378875287663,16.06369567648504,23.21704271104601,87.078125,0.1613278333333333,0.8858333333333338,315360.42119855806,1008724.27098328,0,8.332248968234701e-06,26204,1,0.1897801302931596,24560,0.009387252320846905,1.253474,0.040263841504048166,cpu_contention,online_boutique
1,6.9444649315756815,16.50075120224807,86.52464375141173,27.228600726393683,27.65460374620226,87.078125,1.5793089999999987,8.974999999999996,225596.78274658148,850974.9009657425,0,8.956288083161734e-05,18541,1,0.21994117986275302,17341,0.06547101539703593,26.171049,0.6421651796085928,cpu_contention,online_boutique
1,9.998965179209431,10.271899128984916,85.00547249483837,26.354098778996477,23.90643480088976,87.078125,4.351584293892983,28.480000000000008,41697.31408559061,527058.1624434703,0,0.0001601030877983467,7261,1,0.3401442307692308,6656,0.36485703485576926,29.846058,1.7604481156366267,cpu_contention,online_boutique
1,2.9446103517849123,15.210280495965602,70.86020733070276,22.21569573562875,23.28864508701476,87.13802083,1.1774563151485484,8.533333333333333,297803.997230153,1172999.1747120642,0,4.71698077645355e-05,23476,1,0.20439671859157527,21698,0.02712607258733524,6.410127,0.19186586169770253,network_delay,online_boutique
1,0.42169589839067334,11.32727332277486,35.214513833641256,13.321838180348335,23.26776292588976,87.13671875,1.3335613181818182,9.63181818181818,211011.4798024603,862628.6014677938,0,0.000345946012851317,16916,1,0.24071020925808498,15770,0.08511372168674698,6.593204,0.38542632182696746,network_delay,online_boutique
1,0.5543664251150369,8.59850694835509,34.027135664742545,10.288566588358925,23.27722337510851,87.13671875,1.4947857083333331,9.658333333333331,183751.98963461648,938756.8027705442,0,0.00013829255821307118,16134,1,0.24154653557430414,15053,0.08348671832857238,6.150812,0.38435844953695714,network_delay,online_boutique
0,0.0,14.091009530373551,51.29320458720271,18.724505337333426,23.271929592889755,87.17838542,0.2527627530303028,0.985,307438.92425707844,1083550.6537480014,0,0.00010328716541130323,24159,1,0.1866565715049214,22453,0.009727986059769296,1.484108,0.04278822962164455,cpu_contention,online_boutique
1,81.95318889855986,16.456856696904033,69.01429735666504,25.07599159382015,23.423678250116318,87.17838542,0.3331631723646721,2.072499999999997,305315.75068710715,1182170.3968772371,0,0.00030317925266276635,24608,1,0.1888659249813113,22741,0.009859425399058968,1.213647,0.04221027369748257,cpu_contention,online_boutique
1,93.55830139932637,22.404692914584288,101.20832920909544,32.08580721408365,23.43608059386632,87.22916667,0.30857541758241724,1.5849999999999975,308145.9689452541,1190906.7737796335,0,3.8166663568151016e-05,25531,1,0.1907147066251368,23758,0.012074452352891656,1.771568,0.05857552814633059,cpu_contention,online_boutique
0,0.0,12.537006528346023,49.449951776569385,16.7428032220412,23.28584459092882,87.13671875,0.33143966666666663,1.8149999999999995,276319.72777684295,942007.6929260951,0,8.537751722603737e-06,25761,1,0.19177462471725273,24315,0.010234850627184865,1.438779,0.04689137809882594,network_delay,online_boutique
1,0.04079996256811591,12.265007653525156,47.57143447989557,16.05991821439944,23.300753445428818,87.13932292,0.5501250714285713,2.485,277514.10125395504,997914.9833598275,0,5.699146963467072e-06,25332,1,0.1893140121181306,23601,0.014202119740688952,1.965504,0.0847737273635828,network_delay,online_boutique
0,0.0,15.82112918812432,70.22441449483955,23.692854339263793,23.403292507928818,87.13932292,0.5719176220657276,2.48,278007.42421478324,1036254.1914190094,0,0.00013422647418248612,26290,1,0.19420230263157895,24320,0.018024432565789474,2.057404,0.10026645595583046,network_delay,online_boutique
0,0.0,15.073902765825263,69.42417226093363,21.621553501533683,23.35844794346007,87.10286458,0.25145846932234434,0.98,286856.07148154033,1134316.350730451,0,7.887601431944002e-05,25397,1,0.1864172154872268,23839,0.011596243382692228,1.329425,0.053090601088297,cpu_consumed,online_boutique
1,73.93675361669429,23.803084150480274,86.09628100968176,30.260461329001355,23.44481268955382,87.10286458,0.8922191201804003,2.485,292136.66973355203,1146576.8069902412,0,4.523143320145362e-05,25373,1,0.19538624338624339,23625,0.015555083978835978,1.647589,0.0875970004724856,cpu_consumed,online_boutique
1,70.13809183273862,23.43503578668934,84.7023314770606,28.12694276081136,23.42968817783507,87.09505208,0.8061288983516486,2.485,305705.38255937607,954022.2010017966,0,7.077378727327055e-05,26817,1,0.19234610314385012,25033,0.01642952051292294,1.93746,0.09617154547748825,cpu_consumed,online_boutique
0,0.0,14.644477543943259,65.41635910161743,20.53959981341096,23.357737901475694,87.08203125,0.17868985463659132,0.9841666666666672,293165.0586543137,921548.0559837592,0,4.288139060948382e-06,25028,1,0.1841124298384678,23339,0.010933696473713526,1.412562,0.04891642149032245,network_delay,online_boutique
1,0.11153717911495664,12.206617134680263,34.934393251912034,14.039213556103206,23.291209581163194,87.08203125,0.5514816110777773,2.41,341318.9979381853,1127705.9432772023,0,6.732063054970538e-05,26143,1,0.19470556000505837,23723,0.014167930405092104,1.682906,0.07121224545887045,network_delay,online_boutique
0,0.0,11.72550195729341,40.25490193567628,13.64858025489769,23.322252061631946,87.078125,0.40792070307368417,2.455,283249.84815695207,1038423.7675152778,0,8.053390545659234e-06,24702,1,0.19277217833469537,22026,0.013795647870698265,1.750675,0.06805265655236292,network_delay,online_boutique
0,0.0,14.630927645470933,52.33963527957031,17.73940732223634,23.40460883213195,87.07161458,0.16928372115384613,0.9515384615384618,298977.7042813202,1090462.0415841457,0,2.1333407653312264e-05,26360,1,0.18145678910099797,24149,0.010862757753944264,0.968026,0.045014679126370846,cpu_contention,online_boutique
1,35.16348465296284,23.504289530813598,80.00108946803786,27.146317696697967,23.979979112413197,87.109375,0.2659849774436089,0.965,316561.49782159016,1096549.5779101432,0,0.0001929120851679178,26444,1,0.18422146479341592,24058,0.009365307091196276,0.896902,0.03940408936814281,cpu_contention,online_boutique
1,58.59612184693665,21.71743291749208,92.25229687757688,29.27700971280592,24.022398546006947,87.109375,0.20683866666666656,0.915,278577.51098436216,976357.9950319211,0,6.891392028363086e-06,25220,1,0.1908843007401636,23103,0.009788612690992512,1.283442,0.04203346228969111,cpu_contention,online_boutique
0,0.0,14.624544178108792,69.39869985376104,22.112744665043365,22.286436631944447,87.08984375,0.4149033693181815,2.401,284193.2000691796,1075932.2846042253,0,7.389017446046697e-05,23265,1,0.18985950492210646,20926,0.016013692822326293,1.456206,0.07053561497379188,network_delay,online_boutique
0,0.0,10.62866187162379,42.40304551782532,13.683270120026101,22.240355088975697,87.08984375,0.44131012446958956,2.38125,258760.548289403,1070498.814170644,0,9.49316769367492e-05,21923,1,0.2002993265153405,20045,0.037376414866550266,1.594088,0.12585417562759135,network_delay,online_boutique
1,0.06632100649325601,12.793661842020244,44.50779741093414,15.16229580771392,22.27960883213195,87.05208333,0.5342757563025208,2.41,293532.2204014254,1076871.8952225798,0,3.808153700535222e-05,22349,1,0.19612590799031476,20650,0.035948497966101695,1.955607,0.12178794022962022,network_delay,online_boutique
0,0.0,12.981408866274103,50.5197991975697,17.017898072118467,22.720054796006945,87.07421875,0.2706871666333329,1.5849999999999975,298528.5298931444,1139159.6628440467,0,0.00014380107052403002,25242,1,0.19181607617740412,23314,0.010492827957450459,1.392734,0.0459784546736552,return,online_boutique
1,0.3712510185729805,7.014243412715911,31.226091807324565,9.661351109212761,22.880882432725695,87.07421875,0.07750657575757566,0.3512499999999992,103880.10790714703,671469.5574324871,0,0.0014133611838159643,13648,1,0.15886001977883665,11123,0.010791521801672211,1.290541,0.04882564075194805,return,online_boutique
1,0.13306143718454622,4.228143281546049,18.97094876341269,6.023162016191312,22.887291124131945,87.07421875,0.09322985714285728,0.4525000000000017,84150.02901387397,729580.8687653242,0,0.012964705354639894,9911,0,0.11276780544296468,6908,0.008740894470179502,0.903739,0.0377709799591968,return,online_boutique
0,0.0,15.63033769695626,53.34111809164314,18.20285598351602,22.835130479600696,87.1171875,0.22976289095631883,0.9255555555555548,283075.533564194,1144519.6263675194,0,4.222974483725217e-05,25947,1,0.18083130391711727,24227,0.010768329054360835,1.504037,0.04894403221367049,cpu_consumed,online_boutique
1,4.221847099608023,16.726921038710067,82.76700724720536,26.665286458902376,22.934007432725696,87.1171875,0.4786203570261437,2.4355555555555557,267750.34092296934,1079850.916819364,0,0.00010125729971799391,24678,1,0.24931963831094725,22782,0.03167167733298218,1.801729,0.10851383839659531,cpu_consumed,online_boutique
1,3.886980177256249,16.04599272459057,81.26460310751207,25.933187589206245,22.900832791131943,87.11197917,0.5571175238095235,2.245000000000001,287162.6001982698,1070101.9800088564,0,2.3437845099949506e-05,21097,1,0.3139894769421232,19386,0.05015670117610646,1.946559,0.13476869781823175,cpu_consumed,online_boutique
1,0.10930046296768325,16.235699045235357,72.12270323159122,24.082306101241837,22.938149685663195,87.11588542,0.2005668461538463,0.7750000000000016,290239.0107124215,1039675.8053672632,0,4.3535133910088675e-06,26832,1,0.18741488424256988,24966,0.009983756468797565,1.149983,0.0422699943754237,exception,online_boutique
1,0.5609659942498708,5.898213753936804,31.94846408140337,9.828892810669773,23.015664334100695,87.11588542,0.12131211811023626,0.6800000000000008,82384.51033999884,725387.5373140424,0,0.002018859814699736,10262,1,0.1800853105838443,7502,0.011599037056784856,1.455094,0.05644363949938707,exception,online_boutique
1,1.0348192539091983,3.8950496577208034,18.331805308738,5.653203825811411,23.015969509881945,87.11588542,0.13318962500000006,0.6850000000000003,83183.37098205269,706898.7197295628,0,0.006143798167933201,9313,1,0.17988626159832385,6682,0.008523800059862316,0.833505,0.035823857825830994,exception,online_boutique
0,0.0,11.349906822553915,71.5757529581176,21.783820252282535,22.920583767694445,87.10807292,0.31970549177489144,1.5849999999999975,290529.827511494,1054133.6152829241,0,3.220623413491275e-05,24629,1,0.18786718308020367,22979,0.011245141259410767,1.333265,0.05422002117098149,network_delay,online_boutique
0,0.0,11.863399563656866,43.48437895878895,14.59851691995923,22.903188748163195,87.10807292,0.3431405000000002,2.284374999999999,273544.7280721609,1027725.0159335199,0,0.00032201346144478116,24794,1,0.19409844515076025,23282,0.018468481144231597,1.449779,0.08583785991382012,network_delay,online_boutique
0,0.0,11.734287371889893,42.319923456169015,15.297551818063882,22.965391710069447,87.12890625,0.31627600882046314,2.2074999999999987,263821.28130934003,1073599.5145903602,0,0.0003417407767797309,22944,1,0.201975953024513,21458,0.026391602619069813,1.322722,0.11179677770944459,network_delay,online_boutique
0,0.0,11.650843984128297,36.51013148333391,14.334445563498154,23.16925726963195,87.11067708,0.19599156127060952,0.9875000000000008,297351.4632031747,1075601.7111003527,0,7.043028445019583e-05,26383,1,0.18700178949080853,24588,0.011490600008134046,1.547276,0.053671222090376,cpu_contention,online_boutique
1,7.94769803213541,21.26966161323426,83.84594465677885,28.179513279972582,23.242083062065973,87.11328125,0.774269841781874,4.558333333333332,236528.2157547397,1107179.0386892196,0,7.631033062704962e-05,22522,1,0.22175335451140296,21091,0.033058051348916595,2.871996,0.1713072056819429,cpu_contention,online_boutique
1,8.114732853518092,19.67995054815007,85.95233170192867,27.923728236388342,23.270680067274306,87.11328125,0.5689891156588206,2.465,230623.83433150142,961868.8491548907,0,2.756612860499441e-05,19906,1,0.2474015832839679,18569,0.0496300211104529,2.967596,0.22036155806631647,cpu_contention,online_boutique
0,0.0,13.977215955219538,50.64560731846649,17.871698911778466,23.099552408854166,87.1328125,0.40608274825174834,2.380000000000001,321450.00634106505,1167034.247214893,0,8.919242278715434e-05,26551,1,0.19106537629139614,24489,0.013723114337049286,1.910068,0.06632555547896131,cpu_consumed,online_boutique
1,0.7566586312924095,15.001110920377371,84.45812437619904,25.616453362790626,23.209571668836805,87.1328125,2.0184287857142857,9.807142857142855,154998.78205445947,737489.7524926119,0,7.580923433725406e-05,17387,1,0.20018691588785048,16050,0.08584416990654206,5.724164,0.5350662347315014,cpu_consumed,online_boutique
1,2.42203106199766,15.162365482221045,81.22564132838954,25.00669070371345,23.219032118055555,87.1328125,1.429071499999999,8.699999999999989,157226.3582442828,826030.2538728685,0,0.0001617907566723309,13305,1,0.2076577299727083,12458,0.16070142976400706,5.768917,0.720112321847888,cpu_consumed,online_boutique
0,0.0,13.257129110143362,53.307544792490745,18.56874158447911,23.05895182325,87.11197917,0.2403139790209789,0.99,259770.31247147857,1051687.5931604502,0,1.5264757969757348e-05,24431,1,0.191058531614161,22569,0.011628611236652047,1.41306,0.05272427196467846,network_delay,online_boutique
0,0.0,14.242571272501426,50.19348148502323,18.966561289601813,23.03057047559375,87.11197917,0.5448875714285714,2.485,303500.6612521198,1171926.7750380253,0,2.9792655431681858e-05,25124,1,0.18622568424637126,23493,0.016982278763887117,1.736113,0.08587809872681776,network_delay,online_boutique
0,0.0,15.043286268562806,63.16489207735491,19.995709528782537,23.039286295906248,87.11979167,0.5142836809523805,2.485,284172.5879161113,932507.0289065058,0,1.8452838969618135e-05,24700,1,0.19112479937535246,23053,0.018546328894287076,1.595176,0.09493887823625008,network_delay,online_boutique
0,0.0,13.950034715450666,55.27464688785256,18.371162489153466,23.10078125,87.1640625,0.33079752380952393,2.281666666666667,332198.4985183891,1143016.7159744212,0,2.2292397541479048e-05,25708,1,0.19643832164307615,23809,0.012020010374228235,1.814772,0.05853429613708786,cpu_contention,online_boutique
1,4.886984987026359,21.36532673379828,87.14418905156552,27.89955086706287,23.65487060546875,87.1171875,0.30119321794871795,0.9580000000000002,306811.6197989832,1082413.8543194483,0,1.7079318346491235e-05,26692,1,0.19450681635926223,24940,0.012331218203688854,1.486801,0.05460449774579117,cpu_contention,online_boutique
1,4.544082355457777,23.827728683866106,100.7801009960492,32.7029063216173,23.72811279296875,87.1171875,0.3292411935483869,1.8249999999999984,275062.741706354,1020623.9008224679,0,9.379096997530478e-05,24786,1,0.18641926913193083,22959,0.012243136068644103,1.356032,0.05451185244908591,cpu_contention,online_boutique
0,0.0,13.2898488794163,58.713855848691054,18.07238346944327,23.28492431640625,87.18359375,0.25718188888888893,0.9883333333333334,309660.6159756896,1136133.4623735154,0,1.3713584678054502e-05,25998,1,0.19150873127534554,24166,0.014355721675080695,2.073868,0.07022414326353771,cpu_consumed,online_boutique
1,4.942607987436683,22.023434771469994,80.6325126874981,29.601553110469638,23.26539306640625,87.18359375,0.6264467113113124,2.455,272884.3590277718,1007406.0633746806,0,8.50851210434378e-05,24754,1,0.20412813883167535,22819,0.023433397870195893,1.785102,0.1053893665962235,cpu_consumed,online_boutique
1,4.3092397583584665,24.578914729806677,88.5717714211481,31.161822810177853,23.291048176750003,87.13802083,0.6401261964285712,2.455,291804.1982582449,926941.338198784,0,8.45550482631019e-06,24660,1,0.20770692932434767,23148,0.026645693148436154,1.629658,0.11005312477505552,cpu_consumed,online_boutique
1,0.027496514665525273,12.774881448880732,62.6809417466049,18.863278679235936,23.257718913093747,87.08854167,0.3600508902222225,2.072500000000002,325912.9778743413,1264833.1190596563,0,8.268116864496022e-06,25836,1,0.191324200913242,24090,0.015443147779161477,1.62532,0.07412906438681205,network_delay,online_boutique
0,0.0,11.469177845709208,47.727109378858415,15.35858299183486,23.20086669921875,87.09375,0.2997434999666668,2.0800000000000027,247921.59639143967,831178.8168601012,0,2.3509136133359476e-06,23239,1,0.20208671458381636,21565,0.022366646185949454,2.15681,0.10494324333345419,network_delay,online_boutique
1,0.03911346167276175,11.026422640360646,40.63549369588958,13.958542247154416,23.2255859375,87.09375,0.3204709728900258,2.3500000000000014,255709.85314479063,960942.4615507681,0,5.646933151526312e-06,22569,1,0.19706329595134006,21044,0.02308734499144649,1.899337,0.1055036482581416,network_delay,online_boutique
0,0.0,15.386541246437833,69.82547374931362,21.791922437201936,23.374043782218752,87.84895833,0.32911663571428496,1.8099999999999936,306452.94105686253,1113595.5980188404,0,4.060997071508865e-06,25744,1,0.18780752230839798,23982,0.011778732841297641,1.576645,0.05358692749556758,return,online_boutique
1,2.2632626056732255,19.26182952785175,77.70707710972161,25.219999711142048,23.96741536425,94.53645833,0.4461325263157894,2.241249999999999,312209.5370268297,1136402.6095614012,0,0.001133692102933126,27004,1,0.2063782408143789,25148,0.015636279306505487,1.904079,0.07065965460775166,return,online_boutique
1,2.079795319960156,15.46228321704722,48.85456299744875,18.561512099720563,24.102823893562498,95.90885417,0.2009254404761903,0.9943333333333336,271882.2077349805,847225.4809444215,0,0.00023858884424576843,24661,1,0.1912347129738434,22977,0.012095548461504983,1.941015,0.060285410188738786,return,online_boutique
0,0.0,13.774079111757988,48.77825432727008,16.265717369874096,23.5383463545,90.02604167,0.24651913015873012,0.9749999999999998,310803.1333866022,1065286.0452631367,0,0.00011586202719382488,26684,1,0.18174116507987736,24788,0.010152902493141842,0.990064,0.04158585294504266,exception,online_boutique
1,0.8446116154199153,18.388502788021267,70.58609217200384,23.427529296260474,24.0694091796875,95.46484375,0.45030939258918323,1.9974999999999967,332624.31097941834,1161272.5879855182,0,5.285287499634528e-05,26219,1,0.19044507962433646,24490,0.011894527031441405,1.933397,0.05708656423709557,exception,online_boutique
1,0.2356842889132793,12.706790984986231,59.28268088400935,18.599206426078343,24.09697265625,95.44140625,0.29996338458205113,0.9846666666666664,280688.4147187345,1037966.0115604853,0,0.0005114919796687101,25942,1,0.18992361314020953,23957,0.014567052302041158,1.437323,0.07159119458417443,exception,online_boutique
0,0.0,12.574891949080051,46.41593249146173,15.735794028934388,23.721415202156248,90.20572917,0.2612628411397344,0.9807142857142852,304328.0617818394,1149688.6477923668,0,1.9325567820249745e-05,24655,1,0.17814664749705922,22953,0.010675983226593473,1.067316,0.045713972655138116,cpu_contention,online_boutique
1,1.137873506025494,19.876195018465094,86.80574968,27.26298662204869,25.966483564531252,113.4010417,0.6515328821278197,2.46637931,268369.3734550487,951245.6821375294,0,0.00011189151631529892,23084,1,0.20149323378441436,21430,0.04892100718618758,3.916901,0.23455134636740377,cpu_contention,online_boutique
1,1.1707461497757266,21.20351783381509,89.82422994,29.60518100683147,26.1000651075,114.2760417,0.5556808570999998,2.433125,234276.73390644035,847703.8597084872,0,1.2126358264197279e-05,20582,1,0.2108868437565363,19124,0.06668329507425225,5.495366,0.33208438936349705,cpu_contention,online_boutique
1,1.7833372629992776,12.212011849056182,37.85989953863581,13.606586496836895,23.00801188184375,84.12760417,0.22798357142857145,0.98,288280.6248638662,1042607.8084275577,0,0.00012431357731546022,25491,1,0.185493010955799,23823,0.010225978130378205,1.189918,0.042371561124459625,cpu_consumed,online_boutique
1,1.0195511928839418,22.383069353046626,83.64493236,30.070127563493955,23.726896159187497,90.62369792,0.44659563309710143,2.1649999999999974,319414.8585943992,1210333.2130470555,0,0.00010967418875995616,26457,1,0.19245773732119636,24608,0.012274850292587776,1.248837,0.0542257176227927,cpu_consumed,online_boutique
1,1.1294366859259954,20.04425769729116,89.46646972,27.745383709005807,23.86312255859375,91.62890625,0.44943022238351665,2.3005,301187.4562567355,973378.6478205997,0,3.8057643417577225e-05,25234,1,0.204310712761417,23430,0.01762842449850619,2.124586,0.08203219392198105,cpu_consumed,online_boutique
