algorithme,systeme,seuil,VP,FP,FN,precision,rappel,f1,donnees
Z-score,Train Ticket,3.0,129,0,6,1.0,0.9556,0.9773,metriques
Isolation Forest,Train Ticket,contamination=0.05,123,0,12,1.0,0.9111,0.9535,metriques
Autoencoder,Train Ticket,percentile_80,39,0,96,1.0,0.2889,0.4483,metriques
TF-IDF,Train Ticket,similarité<0.95,132,0,3,1.0,0.9778,0.9888,logs
Random Forest,Train Ticket,class_weight=balanced,135,0,0,1.0,1.0,1.0,logs
LSTM DeepLog,Train Ticket,taux_anomalie>0.03,131,0,4,1.0,0.9704,0.985,logs
Random Forest,Train Ticket,class_weight=balanced,134,0,1,1.0,0.9926,0.9963,metriques
SVM,Train Ticket,"kernel=rbf, balanced",133,0,2,1.0,0.9852,0.9925,logs
Comptage templates,Train Ticket,templates nouveaux,34,0,101,1.0,0.252,0.402,logs
